{"type":"FeatureCollection","name":"kecamatan_kota_jambi","features":[{"type":"Feature","properties":{"kode_kec":"157101","kecamatan":"Telanaipura","kode_kab":"1571","kab_kota":"Kota Jambi","provinsi":"Jambi"},"geometry":{"type":"MultiPolygon","coordinates":[[[[103.56616,-1.57377],[103.56666,-1.57463],[103.56725,-1.5754],[103.56778,-1.57623],[103.56809,-1.57662],[103.5692,-1.578],[103.56963,-1.57859],[103.57001,-1.57915],[103.57043,-1.57964],[103.57092,-1.58018],[103.57125,-1.58049],[103.5715,-1.58072],[103.57216,-1.58129],[103.57301,-1.58201],[103.57341,-1.58234],[103.57367,-1.58254],[103.57445,-1.58315],[103.57571,-1.58407],[103.57621,-1.58444],[103.57663,-1.5847],[103.57667,-1.58474],[103.57707,-1.58508],[103.57795,-1.5857],[103.57815,-1.58585],[103.57843,-1.58607],[103.57883,-1.58639],[103.5793,-1.5867],[103.57991,-1.58707],[103.58031,-1.58733],[103.58076,-1.58759],[103.58119,-1.5878],[103.58128,-1.58785],[103.58175,-1.58808],[103.58184,-1.58813],[103.58243,-1.58839],[103.58285,-1.58856],[103.58354,-1.58884],[103.58445,-1.58911],[103.58463,-1.58915],[103.58445,-1.58911],[103.58422,-1.5903],[103.5836,-1.59125],[103.58257,-1.59205],[103.58094,-1.59209],[103.58063,-1.59211],[103.58018,-1.59213],[103.57988,-1.59215],[103.57882,-1.59238],[103.57796,-1.59259],[103.57728,-1.593],[103.57703,-1.59358],[103.57696,-1.59374],[103.5767,-1.59465],[103.5768,-1.59572],[103.5769,-1.59609],[103.57699,-1.59645],[103.57709,-1.59687],[103.5773,-1.59704],[103.57761,-1.59734],[103.57812,-1.59771],[103.57879,-1.59811],[103.57899,-1.59822],[103.5792,-1.59834],[103.57984,-1.59875],[103.58048,-1.59904],[103.58108,-1.59939],[103.58168,-1.5997],[103.58205,-1.59985],[103.58258,-1.60002],[103.58312,-1.60017],[103.58367,-1.60025],[103.58354,-1.60122],[103.58351,-1.60146],[103.58349,-1.60165],[103.58351,-1.60192],[103.58355,-1.60208],[103.58363,-1.60225],[103.58394,-1.60239],[103.58437,-1.60266],[103.58453,-1.60295],[103.58452,-1.60319],[103.58454,-1.60342],[103.58462,-1.60373],[103.58483,-1.60416],[103.58493,-1.60447],[103.58493,-1.60468],[103.58469,-1.60511],[103.58442,-1.6056],[103.5842,-1.606],[103.58419,-1.60685],[103.58422,-1.60737],[103.58446,-1.60767],[103.58453,-1.60793],[103.58454,-1.60831],[103.58456,-1.60868],[103.58454,-1.60903],[103.58454,-1.6094],[103.58452,-1.60958],[103.5845,-1.60983],[103.5845,-1.60993],[103.58449,-1.61019],[103.58451,-1.61045],[103.58453,-1.61059],[103.58469,-1.61095],[103.58483,-1.61131],[103.58501,-1.6117],[103.58506,-1.61181],[103.58511,-1.61222],[103.58532,-1.61256],[103.58567,-1.61274],[103.58587,-1.61282],[103.58582,-1.61301],[103.58582,-1.61318],[103.58578,-1.6134],[103.58559,-1.61369],[103.5858,-1.61394],[103.58639,-1.61427],[103.58683,-1.61448],[103.58692,-1.61518],[103.58641,-1.61605],[103.58643,-1.61614],[103.58681,-1.61653],[103.58707,-1.6167],[103.58727,-1.61684],[103.58692,-1.61716],[103.58676,-1.61736],[103.58657,-1.61776],[103.58704,-1.61798],[103.58741,-1.61814],[103.58782,-1.61862],[103.58784,-1.61974],[103.58785,-1.61993],[103.58787,-1.62071],[103.58766,-1.62076],[103.58735,-1.62074],[103.58696,-1.62073],[103.5869,-1.62073],[103.58661,-1.62076],[103.5859,-1.62082],[103.58582,-1.62081],[103.58547,-1.62078],[103.58516,-1.62072],[103.58498,-1.62073],[103.58486,-1.62073],[103.58476,-1.62071],[103.58401,-1.6205],[103.58359,-1.62039],[103.58306,-1.62024],[103.58255,-1.62009],[103.58237,-1.62005],[103.5818,-1.61989],[103.58167,-1.61985],[103.58154,-1.61982],[103.58125,-1.61973],[103.58097,-1.61965],[103.58037,-1.61946],[103.58026,-1.61943],[103.57969,-1.61924],[103.57941,-1.61917],[103.57906,-1.61913],[103.57894,-1.61914],[103.57884,-1.61915],[103.57863,-1.61919],[103.5785,-1.61922],[103.57837,-1.61926],[103.57836,-1.61926],[103.57807,-1.61937],[103.57807,-1.61937],[103.57747,-1.61955],[103.57743,-1.61956],[103.57677,-1.61974],[103.57621,-1.6199],[103.57586,-1.61998],[103.57578,-1.62],[103.57578,-1.62],[103.57578,-1.62],[103.57572,-1.62005],[103.57528,-1.62043],[103.57504,-1.62066],[103.57501,-1.62069],[103.57497,-1.62073],[103.57456,-1.62118],[103.57429,-1.62135],[103.57402,-1.62141],[103.574,-1.62141],[103.574,-1.62141],[103.57366,-1.6214],[103.57348,-1.62133],[103.57327,-1.62124],[103.57272,-1.62084],[103.57247,-1.62064],[103.57216,-1.6204],[103.5716,-1.61984],[103.57132,-1.61956],[103.57105,-1.61932],[103.57076,-1.61907],[103.57017,-1.61846],[103.56858,-1.61713],[103.56755,-1.61625],[103.5672,-1.61603],[103.56681,-1.61586],[103.56645,-1.61581],[103.56645,-1.61581],[103.56645,-1.61581],[103.56638,-1.61581],[103.566,-1.61584],[103.56588,-1.61596],[103.5658,-1.61604],[103.56572,-1.61598],[103.5657,-1.61596],[103.56564,-1.61577],[103.56562,-1.61574],[103.56561,-1.61562],[103.5656,-1.61549],[103.56558,-1.61527],[103.56553,-1.61492],[103.56554,-1.61476],[103.56556,-1.61337],[103.56555,-1.61334],[103.56555,-1.61333],[103.56555,-1.61331],[103.56552,-1.6128],[103.56546,-1.6127],[103.5654,-1.61262],[103.56526,-1.61248],[103.56521,-1.61242],[103.565,-1.61221],[103.5648,-1.61196],[103.56476,-1.61191],[103.56441,-1.61149],[103.56418,-1.6112],[103.5641,-1.61115],[103.56383,-1.61097],[103.56381,-1.61096],[103.56354,-1.61072],[103.56347,-1.61059],[103.56339,-1.61044],[103.56334,-1.61032],[103.56327,-1.61018],[103.56295,-1.60989],[103.56293,-1.60987],[103.56257,-1.6096],[103.56247,-1.60956],[103.56213,-1.60939],[103.56185,-1.60918],[103.56157,-1.60905],[103.56119,-1.60879],[103.56085,-1.60855],[103.56075,-1.60848],[103.56065,-1.60841],[103.56036,-1.6082],[103.55987,-1.60787],[103.55943,-1.60768],[103.55929,-1.60759],[103.55918,-1.60752],[103.55876,-1.60722],[103.55853,-1.60694],[103.55849,-1.60689],[103.55842,-1.60681],[103.55812,-1.60645],[103.55779,-1.60605],[103.55768,-1.60587],[103.55748,-1.60556],[103.55715,-1.60529],[103.55709,-1.60523],[103.55676,-1.60489],[103.5564,-1.60466],[103.55638,-1.60465],[103.55637,-1.60464],[103.55616,-1.60444],[103.55589,-1.60418],[103.55554,-1.60383],[103.55551,-1.6038],[103.55544,-1.60363],[103.55532,-1.60336],[103.55527,-1.60315],[103.55522,-1.60295],[103.55503,-1.60253],[103.55485,-1.60234],[103.5547,-1.60236],[103.5547,-1.60236],[103.55463,-1.60246],[103.55448,-1.60262],[103.5542,-1.60298],[103.55403,-1.60325],[103.55391,-1.6034],[103.55381,-1.60352],[103.55371,-1.60366],[103.55361,-1.60379],[103.55358,-1.60386],[103.55344,-1.60411],[103.55324,-1.60453],[103.55321,-1.6046],[103.55315,-1.60468],[103.55302,-1.60487],[103.55273,-1.60524],[103.55234,-1.60549],[103.55197,-1.60588],[103.55174,-1.60616],[103.55167,-1.60624],[103.55158,-1.60635],[103.55139,-1.6066],[103.5513,-1.60676],[103.55118,-1.60695],[103.55106,-1.60721],[103.55099,-1.60734],[103.55076,-1.60766],[103.55067,-1.60781],[103.55059,-1.60797],[103.55031,-1.60814],[103.54999,-1.60845],[103.54997,-1.60848],[103.54974,-1.60875],[103.54956,-1.6089],[103.54941,-1.60902],[103.54941,-1.60902],[103.54889,-1.60946],[103.54882,-1.60924],[103.54726,-1.60666],[103.54489,-1.60271],[103.54396,-1.60116],[103.54223,-1.59831],[103.53986,-1.59433],[103.53964,-1.59436],[103.53963,-1.59436],[103.53829,-1.59169],[103.53692,-1.58939],[103.53689,-1.58914],[103.53695,-1.58892],[103.53721,-1.58869],[103.5376,-1.58861],[103.53803,-1.58864],[103.539,-1.58891],[103.54043,-1.58938],[103.54147,-1.58992],[103.54252,-1.58984],[103.54334,-1.58977],[103.54418,-1.589],[103.54497,-1.58817],[103.54545,-1.58757],[103.54579,-1.58642],[103.54553,-1.58485],[103.54517,-1.58351],[103.54426,-1.58201],[103.54413,-1.58112],[103.544,-1.58008],[103.54389,-1.57928],[103.54388,-1.57876],[103.5439,-1.5781],[103.54394,-1.57709],[103.54401,-1.57642],[103.54415,-1.57539],[103.54416,-1.57528],[103.54428,-1.5744],[103.54442,-1.5738],[103.54462,-1.57335],[103.54478,-1.57275],[103.54505,-1.5722],[103.54535,-1.57144],[103.54564,-1.57071],[103.54597,-1.56997],[103.54633,-1.56932],[103.54674,-1.56881],[103.54704,-1.56839],[103.54729,-1.568],[103.54754,-1.56763],[103.54784,-1.5673],[103.54818,-1.56691],[103.54862,-1.56658],[103.54912,-1.56621],[103.54975,-1.56575],[103.55007,-1.56553],[103.55028,-1.56546],[103.5504,-1.56542],[103.55083,-1.56538],[103.55132,-1.56532],[103.55173,-1.5653],[103.55232,-1.56532],[103.55387,-1.5656],[103.55484,-1.56578],[103.55535,-1.56595],[103.55726,-1.56661],[103.55769,-1.56675],[103.55777,-1.56677],[103.55828,-1.56702],[103.55832,-1.56704],[103.55899,-1.56748],[103.55945,-1.56777],[103.56006,-1.56816],[103.56084,-1.56869],[103.5614,-1.56914],[103.56217,-1.5697],[103.56284,-1.57018],[103.56298,-1.5703],[103.56358,-1.57094],[103.56389,-1.57127],[103.5643,-1.57169],[103.56477,-1.57215],[103.56506,-1.57254],[103.56532,-1.57292],[103.56557,-1.5732],[103.56573,-1.5734],[103.56588,-1.57357],[103.56609,-1.57374],[103.56616,-1.57377]]],[[[103.60832,-1.59509],[103.60868,-1.59488],[103.60865,-1.59442],[103.60871,-1.59486],[103.60865,-1.5949],[103.60832,-1.59509]]],[[[103.60726,-1.59631],[103.60753,-1.59546],[103.60754,-1.59546],[103.60753,-1.59547],[103.60726,-1.59631]]],[[[103.59864,-1.61367],[103.59869,-1.61336],[103.59869,-1.61301],[103.59864,-1.61263],[103.59861,-1.61255],[103.59864,-1.61264],[103.59869,-1.61301],[103.59869,-1.61333],[103.59869,-1.6134],[103.59864,-1.61367]]],[[[103.58637,-1.58946],[103.58608,-1.58942],[103.58596,-1.58941],[103.58608,-1.58942],[103.58633,-1.58945],[103.58637,-1.58946]]],[[[103.60638,-1.59981],[103.60638,-1.5998],[103.60666,-1.59892],[103.60638,-1.5998],[103.60638,-1.59981]]],[[[103.59797,-1.61782],[103.59811,-1.61773],[103.59811,-1.61774],[103.59811,-1.61775],[103.59797,-1.61782]]],[[[103.60364,-1.60218],[103.60371,-1.60215],[103.60434,-1.60185],[103.60462,-1.60165],[103.60494,-1.60141],[103.60514,-1.6013],[103.60495,-1.60141],[103.60462,-1.60165],[103.60434,-1.60185],[103.60371,-1.60215],[103.60364,-1.60218]]],[[[103.6097,-1.58778],[103.6097,-1.58778],[103.60906,-1.58777],[103.60802,-1.58772],[103.60702,-1.5877],[103.60802,-1.58772],[103.60906,-1.58777],[103.6097,-1.58778]]],[[[103.59849,-1.60794],[103.59882,-1.6075],[103.5988,-1.60754],[103.59849,-1.60794]]],[[[103.59124,-1.61967],[103.59161,-1.61961],[103.59214,-1.61954],[103.59267,-1.61948],[103.59214,-1.61954],[103.59161,-1.61961],[103.59124,-1.61967]]],[[[103.60539,-1.60111],[103.60565,-1.60084],[103.60632,-1.60009],[103.60565,-1.60084],[103.60539,-1.60111]]],[[[103.60985,-1.59018],[103.60971,-1.58956],[103.60962,-1.58876],[103.60965,-1.58851],[103.60962,-1.58876],[103.60971,-1.58956],[103.60985,-1.59018]]],[[[103.60283,-1.58779],[103.60359,-1.58777],[103.60418,-1.58775],[103.60443,-1.58774],[103.60469,-1.58774],[103.60443,-1.58775],[103.60418,-1.58775],[103.60359,-1.58777],[103.60283,-1.58779]]],[[[103.60889,-1.59342],[103.60893,-1.59331],[103.60894,-1.59293],[103.60895,-1.59269],[103.60895,-1.59269],[103.60895,-1.59271],[103.60894,-1.59292],[103.60893,-1.59331],[103.60889,-1.59342]]],[[[103.59619,-1.6187],[103.59641,-1.61864],[103.59671,-1.6186],[103.59691,-1.61848],[103.59671,-1.6186],[103.59641,-1.61864],[103.59619,-1.6187]]],[[[103.59754,-1.58815],[103.59774,-1.58807],[103.59827,-1.58795],[103.59848,-1.58789],[103.59827,-1.58795],[103.59774,-1.58807],[103.59754,-1.58815]]],[[[103.60005,-1.60601],[103.60035,-1.60559],[103.60058,-1.60533],[103.60077,-1.60512],[103.60085,-1.60502],[103.60077,-1.60512],[103.60058,-1.60533],[103.60036,-1.60559],[103.60005,-1.60601]]],[[[103.59329,-1.58947],[103.59397,-1.5893],[103.59416,-1.58924],[103.59397,-1.5893],[103.59329,-1.58947]]],[[[103.59199,-1.5898],[103.59217,-1.58976],[103.5926,-1.58965],[103.59217,-1.58976],[103.59199,-1.5898]]],[[[103.59844,-1.6122],[103.5984,-1.6121],[103.59815,-1.61192],[103.59803,-1.61177],[103.59816,-1.61192],[103.5984,-1.6121],[103.59844,-1.6122]]],[[[103.59792,-1.61162],[103.59778,-1.61141],[103.59771,-1.61111],[103.5976,-1.61084],[103.59771,-1.61112],[103.59778,-1.61141],[103.59792,-1.61162]]],[[[103.60706,-1.59716],[103.6071,-1.597],[103.60721,-1.59654],[103.60726,-1.59631],[103.60721,-1.59654],[103.6071,-1.597],[103.60706,-1.59716]]],[[[103.60079,-1.58779],[103.60055,-1.58777],[103.60018,-1.5877],[103.60055,-1.58777],[103.60079,-1.58779]]],[[[103.59097,-1.58996],[103.5907,-1.58996],[103.59054,-1.58995],[103.5907,-1.58996],[103.59097,-1.58996]]],[[[103.59769,-1.60888],[103.59776,-1.60882],[103.59816,-1.60834],[103.5982,-1.60828],[103.59816,-1.60834],[103.59775,-1.60882],[103.59769,-1.60888]]],[[[103.59476,-1.61914],[103.59492,-1.6191],[103.59534,-1.61898],[103.59492,-1.6191],[103.59476,-1.61914]]],[[[103.58537,-1.5893],[103.58502,-1.58924],[103.58502,-1.58924],[103.58503,-1.58924],[103.58537,-1.5893]]],[[[103.5974,-1.6182],[103.59753,-1.61812],[103.59773,-1.61799],[103.59754,-1.61812],[103.5974,-1.6182]]],[[[103.60863,-1.59433],[103.60861,-1.59422],[103.60872,-1.5939],[103.60861,-1.59422],[103.60863,-1.59433]]],[[[103.60553,-1.58772],[103.60586,-1.58772],[103.60702,-1.5877],[103.60586,-1.58772],[103.60553,-1.58772]]],[[[103.58795,-1.58987],[103.58792,-1.58987],[103.58769,-1.58984],[103.58746,-1.5898],[103.58769,-1.58984],[103.58792,-1.58987],[103.58795,-1.58987]]],[[[103.59704,-1.60967],[103.59716,-1.60952],[103.59705,-1.60967],[103.59704,-1.60967]]],[[[103.59916,-1.60708],[103.59919,-1.60704],[103.5994,-1.60682],[103.59919,-1.60704],[103.59916,-1.60708]]],[[[103.59813,-1.61701],[103.59812,-1.61678],[103.59814,-1.6167],[103.59812,-1.61678],[103.59813,-1.61701]]],[[[103.58841,-1.62052],[103.58847,-1.62048],[103.58872,-1.62032],[103.5888,-1.62027],[103.58872,-1.62032],[103.58847,-1.62048],[103.58841,-1.62052]]],[[[103.60682,-1.59829],[103.60686,-1.5981],[103.60689,-1.59794],[103.60686,-1.5981],[103.60682,-1.59829]]],[[[103.60246,-1.60338],[103.60267,-1.60314],[103.60271,-1.60309],[103.60267,-1.60314],[103.60246,-1.60338]]],[[[103.61003,-1.59175],[103.61018,-1.59169],[103.61019,-1.59169],[103.61003,-1.59175]]],[[[103.59015,-1.61963],[103.59003,-1.61962],[103.59002,-1.61961],[103.59002,-1.61961],[103.59015,-1.61963]]],[[[103.59824,-1.61644],[103.59825,-1.61641],[103.59832,-1.61627],[103.59825,-1.61641],[103.59824,-1.61644]]],[[[103.59914,-1.58773],[103.5992,-1.58772],[103.5993,-1.5877],[103.5992,-1.58772],[103.59914,-1.58773]]],[[[103.60197,-1.6039],[103.60202,-1.60385],[103.60206,-1.60381],[103.60202,-1.60385],[103.60197,-1.6039]]],[[[103.59857,-1.61554],[103.59858,-1.61549],[103.59859,-1.61546],[103.59858,-1.61549],[103.59857,-1.61554]]],[[[103.58947,-1.61986],[103.58947,-1.61986],[103.58948,-1.61986],[103.58947,-1.61986]]],[[[103.60898,-1.59251],[103.60898,-1.59251],[103.60898,-1.59251],[103.60898,-1.59251]]]]}},{"type":"Feature","properties":{"kode_kec":"157102","kecamatan":"Jambi Selatan","kode_kab":"1571","kab_kota":"Kota Jambi","provinsi":"Jambi"},"geometry":{"type":"MultiPolygon","coordinates":[[[[103.62335,-1.6021],[103.62368,-1.60218],[103.62376,-1.60219],[103.62402,-1.60223],[103.6244,-1.60214],[103.62477,-1.60217],[103.62523,-1.60239],[103.62553,-1.60264],[103.62589,-1.60297],[103.62594,-1.60302],[103.62615,-1.60344],[103.62626,-1.60384],[103.62642,-1.60426],[103.62668,-1.60466],[103.6269,-1.60492],[103.62722,-1.60532],[103.62753,-1.60558],[103.62757,-1.60562],[103.62782,-1.60582],[103.62834,-1.60604],[103.62876,-1.60609],[103.6292,-1.60613],[103.62939,-1.60615],[103.62973,-1.60775],[103.63049,-1.60761],[103.63102,-1.60752],[103.6318,-1.60748],[103.63195,-1.60757],[103.63304,-1.60821],[103.63317,-1.60828],[103.63456,-1.60837],[103.63547,-1.60843],[103.63588,-1.6084],[103.63627,-1.60838],[103.63631,-1.60838],[103.63758,-1.60796],[103.63788,-1.60722],[103.63816,-1.60671],[103.63818,-1.60667],[103.63829,-1.60634],[103.6383,-1.6063],[103.63864,-1.60532],[103.63888,-1.6047],[103.63915,-1.60398],[103.63915,-1.604],[103.63915,-1.60401],[103.63915,-1.60403],[103.63916,-1.6042],[103.63918,-1.60437],[103.63919,-1.60441],[103.63921,-1.60446],[103.63925,-1.60457],[103.63927,-1.60461],[103.63931,-1.60472],[103.63947,-1.60489],[103.63949,-1.60491],[103.63949,-1.60491],[103.63949,-1.60491],[103.63976,-1.60511],[103.63996,-1.60528],[103.63997,-1.60529],[103.64005,-1.60536],[103.64008,-1.60537],[103.64025,-1.60573],[103.64026,-1.60576],[103.64027,-1.60576],[103.64031,-1.6059],[103.64036,-1.60597],[103.64037,-1.60599],[103.64042,-1.60616],[103.64044,-1.60624],[103.64052,-1.60646],[103.64056,-1.60649],[103.6406,-1.60653],[103.64061,-1.60655],[103.64069,-1.60665],[103.64096,-1.60694],[103.64123,-1.60718],[103.64131,-1.60731],[103.64139,-1.60746],[103.64147,-1.60754],[103.64151,-1.6076],[103.64154,-1.60773],[103.6416,-1.60794],[103.64162,-1.608],[103.64163,-1.60803],[103.6417,-1.60828],[103.64193,-1.60863],[103.64206,-1.60892],[103.6421,-1.60902],[103.64215,-1.60912],[103.64221,-1.60922],[103.64235,-1.60945],[103.64249,-1.6097],[103.64257,-1.6098],[103.64271,-1.60996],[103.64275,-1.60999],[103.64281,-1.61006],[103.6429,-1.61015],[103.64292,-1.61018],[103.64301,-1.61031],[103.64306,-1.61041],[103.64308,-1.61045],[103.64309,-1.6105],[103.64313,-1.61072],[103.64314,-1.6108],[103.64316,-1.61095],[103.64321,-1.61117],[103.64328,-1.61134],[103.64337,-1.61153],[103.6435,-1.61173],[103.64362,-1.61198],[103.64365,-1.6121],[103.64372,-1.61235],[103.64379,-1.61273],[103.64392,-1.61317],[103.64393,-1.61353],[103.64394,-1.61405],[103.64398,-1.61431],[103.64402,-1.61453],[103.64403,-1.61469],[103.64405,-1.61494],[103.64407,-1.6151],[103.64414,-1.6153],[103.64421,-1.61539],[103.64429,-1.61548],[103.64446,-1.61565],[103.64457,-1.6158],[103.64464,-1.61591],[103.64473,-1.61608],[103.6449,-1.61638],[103.64498,-1.61661],[103.64506,-1.6169],[103.64512,-1.6171],[103.64519,-1.61745],[103.64523,-1.61766],[103.64523,-1.61795],[103.64526,-1.61818],[103.64528,-1.6183],[103.64536,-1.61848],[103.64543,-1.61865],[103.64552,-1.61878],[103.64564,-1.61888],[103.64571,-1.61897],[103.64581,-1.61909],[103.64599,-1.61937],[103.646,-1.61949],[103.64601,-1.61969],[103.64601,-1.61987],[103.64599,-1.62004],[103.64596,-1.62019],[103.64596,-1.62042],[103.64589,-1.62074],[103.64588,-1.62087],[103.64594,-1.62107],[103.64602,-1.6214],[103.64614,-1.62175],[103.64621,-1.62214],[103.64628,-1.62246],[103.64634,-1.62261],[103.6464,-1.62284],[103.64644,-1.62306],[103.64645,-1.62336],[103.64643,-1.62359],[103.64639,-1.62371],[103.64632,-1.62379],[103.64622,-1.6239],[103.64614,-1.62401],[103.64598,-1.62424],[103.64593,-1.62437],[103.64589,-1.62451],[103.64586,-1.62465],[103.64585,-1.62478],[103.64583,-1.62491],[103.64578,-1.62501],[103.64556,-1.62529],[103.6455,-1.6255],[103.64536,-1.62589],[103.64521,-1.62647],[103.64517,-1.62662],[103.64503,-1.62663],[103.64465,-1.62669],[103.64452,-1.6267],[103.64415,-1.62672],[103.64342,-1.62677],[103.64261,-1.62678],[103.64126,-1.62676],[103.64105,-1.62675],[103.6405,-1.62677],[103.63969,-1.6269],[103.63954,-1.62693],[103.63928,-1.62698],[103.63859,-1.62708],[103.63851,-1.62687],[103.63842,-1.62665],[103.63834,-1.62643],[103.63829,-1.62628],[103.63812,-1.62599],[103.63796,-1.62576],[103.63777,-1.62556],[103.63769,-1.6255],[103.63754,-1.6254],[103.63728,-1.62524],[103.63696,-1.62513],[103.63679,-1.62512],[103.63636,-1.62505],[103.63615,-1.62488],[103.63603,-1.62471],[103.6359,-1.62442],[103.63579,-1.62424],[103.63572,-1.62416],[103.6356,-1.62419],[103.6354,-1.62444],[103.63529,-1.6247],[103.63514,-1.62501],[103.63497,-1.62534],[103.63488,-1.62545],[103.6348,-1.6255],[103.6347,-1.62558],[103.63457,-1.62573],[103.63446,-1.62595],[103.63439,-1.62616],[103.6343,-1.62635],[103.63422,-1.62648],[103.63413,-1.62658],[103.63396,-1.62671],[103.63385,-1.62684],[103.63369,-1.62698],[103.63349,-1.62716],[103.63338,-1.62731],[103.63324,-1.62754],[103.6331,-1.62779],[103.63301,-1.62797],[103.63291,-1.62815],[103.63278,-1.6284],[103.63268,-1.62864],[103.63258,-1.62881],[103.63238,-1.62912],[103.63211,-1.62937],[103.6319,-1.62956],[103.63181,-1.62964],[103.63157,-1.62984],[103.6313,-1.63006],[103.6311,-1.63024],[103.63082,-1.63053],[103.63062,-1.63077],[103.63044,-1.63118],[103.63038,-1.63134],[103.63025,-1.63168],[103.63011,-1.63208],[103.63,-1.63239],[103.62991,-1.63286],[103.62989,-1.6335],[103.62974,-1.63442],[103.62972,-1.63507],[103.62972,-1.63523],[103.62966,-1.63608],[103.62955,-1.63719],[103.62952,-1.63749],[103.62951,-1.63764],[103.62944,-1.63831],[103.6294,-1.6387],[103.62935,-1.63948],[103.6292,-1.64154],[103.62919,-1.64192],[103.62916,-1.64267],[103.62912,-1.64322],[103.62914,-1.64353],[103.62914,-1.64368],[103.62917,-1.64391],[103.62962,-1.64433],[103.62959,-1.64456],[103.62957,-1.64466],[103.62945,-1.64542],[103.62909,-1.64601],[103.62846,-1.64674],[103.62836,-1.64686],[103.62683,-1.64866],[103.62539,-1.64918],[103.62363,-1.64977],[103.6228,-1.65049],[103.62271,-1.65071],[103.62267,-1.6507],[103.62223,-1.65066],[103.6221,-1.65063],[103.62174,-1.65052],[103.62137,-1.65043],[103.62093,-1.65034],[103.62085,-1.65033],[103.62059,-1.65028],[103.62057,-1.65018],[103.62057,-1.65018],[103.62062,-1.64996],[103.62072,-1.6495],[103.62072,-1.64944],[103.62077,-1.6493],[103.62085,-1.64897],[103.62096,-1.64857],[103.62105,-1.64828],[103.62125,-1.64755],[103.6214,-1.64756],[103.62184,-1.64754],[103.62189,-1.64694],[103.62188,-1.64681],[103.62186,-1.64666],[103.62181,-1.64647],[103.62165,-1.64629],[103.62159,-1.64617],[103.62175,-1.64593],[103.62174,-1.64556],[103.62136,-1.64526],[103.62131,-1.64457],[103.62134,-1.64414],[103.62142,-1.64396],[103.62161,-1.64371],[103.6218,-1.64345],[103.62196,-1.64324],[103.62209,-1.64305],[103.62225,-1.64279],[103.62246,-1.64234],[103.62263,-1.64207],[103.62273,-1.64189],[103.62273,-1.6417],[103.62283,-1.64154],[103.6229,-1.64134],[103.62292,-1.6413],[103.62293,-1.64127],[103.62298,-1.64112],[103.62302,-1.64094],[103.62306,-1.64067],[103.62309,-1.64041],[103.6231,-1.64023],[103.62311,-1.64002],[103.62312,-1.63984],[103.62312,-1.63961],[103.6231,-1.6394],[103.62309,-1.63921],[103.62308,-1.63916],[103.62306,-1.63904],[103.623,-1.63882],[103.62297,-1.63868],[103.62315,-1.63867],[103.62335,-1.63866],[103.62371,-1.63867],[103.6238,-1.63868],[103.62396,-1.63868],[103.62418,-1.63868],[103.62433,-1.63868],[103.62442,-1.63867],[103.62453,-1.63869],[103.62455,-1.63869],[103.6246,-1.63866],[103.6246,-1.63861],[103.6247,-1.63795],[103.62453,-1.63735],[103.6243,-1.63707],[103.62404,-1.63689],[103.6236,-1.63624],[103.62339,-1.63583],[103.62339,-1.63582],[103.62344,-1.63504],[103.62358,-1.6341],[103.62362,-1.63387],[103.62363,-1.63383],[103.62374,-1.63313],[103.62375,-1.63304],[103.62382,-1.6325],[103.62386,-1.63188],[103.62404,-1.6314],[103.62407,-1.63135],[103.62423,-1.63105],[103.62429,-1.63092],[103.62441,-1.63058],[103.62456,-1.63032],[103.62481,-1.63],[103.62515,-1.62958],[103.6246,-1.62932],[103.6243,-1.62921],[103.62308,-1.62867],[103.62223,-1.6283],[103.62259,-1.62768],[103.6229,-1.62724],[103.62309,-1.62692],[103.62326,-1.62647],[103.62347,-1.62579],[103.62384,-1.6252],[103.62386,-1.62518],[103.62386,-1.62517],[103.6235,-1.62493],[103.62331,-1.62479],[103.62327,-1.62478],[103.62297,-1.62462],[103.62263,-1.62429],[103.6224,-1.62432],[103.6222,-1.62428],[103.62167,-1.62409],[103.62168,-1.62405],[103.62176,-1.62375],[103.62181,-1.62349],[103.6219,-1.62315],[103.62199,-1.62275],[103.6222,-1.62207],[103.6223,-1.62174],[103.62255,-1.62143],[103.6228,-1.62113],[103.62309,-1.62091],[103.62313,-1.62089],[103.62338,-1.62072],[103.62379,-1.62043],[103.62418,-1.62025],[103.62439,-1.62015],[103.62363,-1.61878],[103.62342,-1.61841],[103.62333,-1.61849],[103.62295,-1.6188],[103.62229,-1.61843],[103.62221,-1.61838],[103.62166,-1.61798],[103.62171,-1.61789],[103.62227,-1.61733],[103.62273,-1.61686],[103.62319,-1.61651],[103.62354,-1.6164],[103.62329,-1.61601],[103.62294,-1.61559],[103.62239,-1.61475],[103.62209,-1.61438],[103.62178,-1.61404],[103.62144,-1.61363],[103.62113,-1.61329],[103.62101,-1.61302],[103.62094,-1.61275],[103.62073,-1.61238],[103.6204,-1.61189],[103.62006,-1.61154],[103.61974,-1.61112],[103.61964,-1.61084],[103.61958,-1.61055],[103.61952,-1.61028],[103.61941,-1.61007],[103.61927,-1.60975],[103.6192,-1.6096],[103.61916,-1.60935],[103.61917,-1.60929],[103.6192,-1.60899],[103.61927,-1.60863],[103.61929,-1.60831],[103.61928,-1.60801],[103.61923,-1.60777],[103.61924,-1.60747],[103.61931,-1.60713],[103.61945,-1.60697],[103.61982,-1.60652],[103.61996,-1.6063],[103.62019,-1.60595],[103.62029,-1.60571],[103.62038,-1.60548],[103.62048,-1.60525],[103.62051,-1.6052],[103.62055,-1.6051],[103.62084,-1.60478],[103.62112,-1.6045],[103.62143,-1.60428],[103.62171,-1.60418],[103.62199,-1.60406],[103.62239,-1.60383],[103.62265,-1.60368],[103.62275,-1.60335],[103.62279,-1.60302],[103.62278,-1.60279],[103.62282,-1.60253],[103.62289,-1.60223],[103.62293,-1.60207],[103.6231,-1.60191],[103.62335,-1.6021]]],[[[103.6701,-1.6325],[103.6694,-1.63274],[103.67013,-1.63249],[103.67012,-1.63137],[103.67012,-1.63137],[103.67012,-1.63142],[103.67016,-1.63248],[103.6701,-1.6325]]],[[[103.68063,-1.61808],[103.67966,-1.61892],[103.68064,-1.61805],[103.68063,-1.61808]]],[[[103.61959,-1.6604],[103.61967,-1.6605],[103.6196,-1.66045],[103.61957,-1.66043],[103.61958,-1.66041],[103.61959,-1.66037],[103.61971,-1.66002],[103.61959,-1.6604]]],[[[103.63227,-1.65602],[103.6349,-1.65547],[103.63552,-1.65575],[103.63562,-1.65579],[103.63585,-1.65587],[103.63562,-1.65578],[103.63552,-1.65575],[103.6349,-1.65547],[103.63227,-1.65602],[103.63227,-1.65602]]],[[[103.6279,-1.65642],[103.62776,-1.65944],[103.6279,-1.65642],[103.63016,-1.65404],[103.6279,-1.65642]]],[[[103.65218,-1.65661],[103.65115,-1.6569],[103.65221,-1.6566],[103.65232,-1.65655],[103.65225,-1.65659],[103.65221,-1.6566],[103.65218,-1.65661]]],[[[103.64737,-1.65695],[103.64834,-1.6571],[103.64884,-1.65713],[103.64836,-1.65711],[103.64832,-1.6571],[103.64737,-1.65695]]],[[[103.66587,-1.63987],[103.66587,-1.63987],[103.66735,-1.64063],[103.66833,-1.64057],[103.67012,-1.64046],[103.67012,-1.64047],[103.66735,-1.64063],[103.66587,-1.63987]]],[[[103.66169,-1.64347],[103.66104,-1.64361],[103.66169,-1.64347],[103.66267,-1.64308],[103.66335,-1.64281],[103.66359,-1.64271],[103.66427,-1.64186],[103.66359,-1.64271],[103.66335,-1.64281],[103.66267,-1.64308],[103.66169,-1.64347]]],[[[103.65911,-1.65123],[103.65885,-1.65138],[103.65911,-1.65123],[103.65971,-1.65054],[103.65977,-1.65045],[103.66018,-1.64988],[103.65977,-1.65045],[103.65971,-1.65054],[103.65911,-1.65123]]],[[[103.67497,-1.62584],[103.67469,-1.62897],[103.67366,-1.62893],[103.67469,-1.62897],[103.67497,-1.62585],[103.67531,-1.62516],[103.67497,-1.62584]]],[[[103.62123,-1.654],[103.62123,-1.65405],[103.62123,-1.654],[103.62181,-1.65248],[103.62183,-1.65237],[103.62184,-1.65235],[103.62183,-1.65237],[103.62181,-1.65248],[103.62123,-1.654]]],[[[103.64459,-1.65557],[103.64609,-1.65644],[103.64667,-1.65669],[103.64609,-1.65644],[103.64459,-1.65557]]],[[[103.66017,-1.60815],[103.65963,-1.60931],[103.66017,-1.60815],[103.66168,-1.60727],[103.66017,-1.60815]]],[[[103.61972,-1.66053],[103.61978,-1.66056],[103.62176,-1.66175],[103.61978,-1.66056],[103.61972,-1.66053]]],[[[103.6576,-1.60899],[103.65761,-1.60895],[103.65861,-1.60929],[103.65922,-1.6093],[103.65861,-1.60929],[103.65761,-1.60895],[103.6576,-1.60899]]],[[[103.64162,-1.65593],[103.64092,-1.65643],[103.64162,-1.65593],[103.64224,-1.6557],[103.64162,-1.65593]]],[[[103.67263,-1.62983],[103.67197,-1.63005],[103.67263,-1.62983],[103.6731,-1.62891],[103.6731,-1.62891],[103.67263,-1.62983]]],[[[103.65442,-1.65486],[103.65469,-1.65377],[103.65483,-1.65308],[103.65469,-1.65377],[103.65442,-1.65486],[103.65442,-1.65486]]],[[[103.67691,-1.61258],[103.67747,-1.61287],[103.67812,-1.61392],[103.67747,-1.61287],[103.67691,-1.61258]]],[[[103.654,-1.65578],[103.65442,-1.65486],[103.65399,-1.65579],[103.65387,-1.65584],[103.654,-1.65578]]],[[[103.66466,-1.607],[103.66525,-1.60743],[103.6653,-1.60746],[103.66531,-1.60747],[103.66529,-1.60745],[103.66467,-1.607],[103.66466,-1.607]]],[[[103.63949,-1.6552],[103.63979,-1.65514],[103.63991,-1.65634],[103.63979,-1.65514],[103.63949,-1.6552]]],[[[103.64958,-1.65716],[103.64972,-1.65717],[103.6507,-1.65699],[103.64972,-1.65717],[103.64958,-1.65716]]],[[[103.68053,-1.61624],[103.68083,-1.61631],[103.68096,-1.61659],[103.68083,-1.61631],[103.68053,-1.61624]]],[[[103.67647,-1.62175],[103.67599,-1.62346],[103.67647,-1.62175],[103.67651,-1.62168],[103.67647,-1.62175]]],[[[103.6204,-1.65782],[103.62028,-1.65839],[103.6204,-1.65782],[103.62051,-1.6574],[103.6204,-1.65782]]],[[[103.66547,-1.60758],[103.66556,-1.60765],[103.66688,-1.60861],[103.66688,-1.60861],[103.66557,-1.60765],[103.66547,-1.60758]]],[[[103.62433,-1.66328],[103.62474,-1.66353],[103.62488,-1.66361],[103.62671,-1.66437],[103.62488,-1.66361],[103.62474,-1.66353],[103.62433,-1.66328]]],[[[103.6596,-1.64843],[103.6598,-1.64894],[103.65998,-1.6493],[103.6598,-1.64894],[103.6596,-1.64843]]],[[[103.62218,-1.65181],[103.62197,-1.65213],[103.62217,-1.65181],[103.62222,-1.65172],[103.62218,-1.65181]]],[[[103.6439,-1.6554],[103.64397,-1.65587],[103.64397,-1.65587],[103.6439,-1.6554]]],[[[103.66413,-1.60586],[103.66466,-1.607],[103.66413,-1.60586],[103.66413,-1.60586]]],[[[103.62117,-1.65458],[103.62113,-1.6548],[103.62117,-1.65461],[103.62117,-1.65458],[103.62117,-1.65458]]],[[[103.63124,-1.65327],[103.63143,-1.65334],[103.63159,-1.65351],[103.63159,-1.65351],[103.63143,-1.65334],[103.63124,-1.65327]]],[[[103.67055,-1.63081],[103.67055,-1.63081],[103.67055,-1.63081],[103.67071,-1.63061],[103.67055,-1.63081]]],[[[103.65879,-1.6441],[103.65873,-1.64412],[103.65879,-1.6441],[103.65938,-1.64398],[103.65879,-1.6441]]],[[[103.64052,-1.6565],[103.64075,-1.65656],[103.64075,-1.65656],[103.64052,-1.6565]]],[[[103.64287,-1.65597],[103.64293,-1.65624],[103.64293,-1.65624],[103.64287,-1.65597]]],[[[103.62085,-1.65544],[103.62084,-1.65548],[103.62085,-1.65544],[103.6209,-1.65535],[103.62085,-1.65544]]],[[[103.65779,-1.652],[103.65794,-1.65191],[103.65779,-1.652],[103.65779,-1.652]]],[[[103.65886,-1.64692],[103.6589,-1.64698],[103.65892,-1.64702],[103.6589,-1.64698],[103.65886,-1.64692]]],[[[103.65863,-1.64416],[103.65864,-1.64414],[103.65864,-1.64414],[103.65863,-1.64416]]],[[[103.65864,-1.64527],[103.65865,-1.64527],[103.65865,-1.64528],[103.65864,-1.64527]]]]}},{"type":"Feature","properties":{"kode_kec":"157103","kecamatan":"Jambi Timur","kode_kab":"1571","kab_kota":"Kota Jambi","provinsi":"Jambi"},"geometry":{"type":"MultiPolygon","coordinates":[[[[103.64759,-1.55763],[103.64832,-1.55762],[103.64903,-1.55762],[103.64957,-1.55766],[103.65024,-1.55768],[103.65105,-1.55774],[103.65194,-1.55778],[103.65406,-1.55789],[103.65411,-1.55818],[103.65415,-1.55849],[103.65416,-1.55858],[103.65417,-1.55868],[103.65419,-1.55875],[103.65425,-1.55902],[103.65426,-1.55903],[103.65434,-1.55951],[103.65434,-1.55951],[103.65434,-1.55951],[103.65444,-1.55992],[103.65449,-1.56018],[103.65455,-1.5605],[103.65461,-1.56102],[103.65463,-1.56108],[103.65464,-1.56116],[103.65469,-1.56142],[103.65465,-1.56211],[103.65459,-1.56258],[103.65427,-1.56352],[103.65377,-1.56486],[103.65352,-1.56552],[103.65335,-1.56587],[103.65322,-1.56638],[103.65318,-1.56673],[103.65315,-1.56706],[103.65305,-1.56764],[103.65297,-1.56783],[103.65288,-1.56794],[103.65183,-1.56788],[103.65163,-1.56787],[103.65154,-1.57199],[103.65141,-1.57758],[103.65137,-1.57938],[103.65136,-1.57963],[103.65136,-1.57976],[103.65134,-1.58071],[103.65132,-1.58144],[103.65132,-1.58146],[103.65126,-1.58397],[103.65129,-1.58401],[103.65126,-1.58397],[103.65131,-1.58146],[103.6507,-1.58145],[103.65001,-1.58145],[103.64973,-1.58165],[103.64934,-1.58191],[103.64893,-1.58219],[103.64865,-1.58241],[103.64837,-1.5826],[103.64815,-1.58276],[103.64803,-1.58286],[103.64777,-1.58307],[103.64743,-1.58326],[103.64718,-1.58338],[103.64693,-1.58351],[103.64663,-1.58365],[103.64641,-1.58375],[103.64601,-1.58385],[103.64509,-1.5842],[103.64436,-1.58451],[103.64385,-1.58476],[103.6435,-1.58489],[103.64322,-1.58498],[103.64288,-1.58509],[103.64258,-1.58513],[103.6424,-1.58518],[103.64198,-1.58527],[103.64223,-1.58802],[103.64216,-1.58855],[103.64215,-1.58866],[103.64217,-1.58944],[103.6421,-1.59012],[103.64197,-1.59061],[103.64123,-1.59188],[103.64111,-1.59228],[103.64109,-1.59245],[103.64101,-1.59272],[103.64096,-1.59297],[103.64091,-1.59312],[103.64084,-1.5934],[103.64081,-1.59353],[103.64079,-1.59363],[103.64076,-1.59385],[103.64073,-1.59396],[103.64071,-1.59405],[103.64073,-1.59423],[103.64083,-1.59466],[103.64083,-1.59486],[103.64078,-1.59511],[103.64072,-1.59538],[103.64069,-1.59563],[103.64067,-1.59592],[103.64065,-1.59609],[103.64066,-1.5963],[103.64068,-1.59646],[103.64072,-1.5966],[103.64074,-1.59676],[103.64079,-1.59688],[103.64084,-1.59707],[103.64098,-1.59756],[103.64105,-1.5979],[103.64108,-1.59829],[103.64109,-1.59865],[103.64107,-1.59876],[103.64103,-1.59896],[103.641,-1.59919],[103.64099,-1.5993],[103.64097,-1.5994],[103.64091,-1.59958],[103.64089,-1.5997],[103.64081,-1.59986],[103.64071,-1.60003],[103.64064,-1.60021],[103.6405,-1.60048],[103.64016,-1.60093],[103.64008,-1.60113],[103.64003,-1.60121],[103.64,-1.60141],[103.63998,-1.60169],[103.63996,-1.60197],[103.63998,-1.60221],[103.63997,-1.6024],[103.63982,-1.60263],[103.63973,-1.60274],[103.63965,-1.60284],[103.63958,-1.60293],[103.6395,-1.60305],[103.63935,-1.60327],[103.63923,-1.60351],[103.6392,-1.60366],[103.63916,-1.60389],[103.63915,-1.60398],[103.63888,-1.6047],[103.63864,-1.60532],[103.6383,-1.6063],[103.63829,-1.60634],[103.63818,-1.60667],[103.63816,-1.60671],[103.63788,-1.60722],[103.63758,-1.60796],[103.63631,-1.60838],[103.63627,-1.60838],[103.63588,-1.6084],[103.63547,-1.60843],[103.63456,-1.60837],[103.63317,-1.60828],[103.63304,-1.60821],[103.63195,-1.60757],[103.6318,-1.60748],[103.63102,-1.60752],[103.63049,-1.60761],[103.62973,-1.60775],[103.62939,-1.60615],[103.6292,-1.60613],[103.62876,-1.60609],[103.62834,-1.60604],[103.62782,-1.60582],[103.62757,-1.60562],[103.62753,-1.60558],[103.62722,-1.60532],[103.6269,-1.60492],[103.62668,-1.60466],[103.62642,-1.60426],[103.62626,-1.60384],[103.62615,-1.60344],[103.62594,-1.60302],[103.62589,-1.60297],[103.62553,-1.60264],[103.62523,-1.60239],[103.62477,-1.60217],[103.6244,-1.60214],[103.62402,-1.60223],[103.62376,-1.60219],[103.62368,-1.60218],[103.62335,-1.6021],[103.6231,-1.60191],[103.62299,-1.60183],[103.62276,-1.60166],[103.6226,-1.60147],[103.62252,-1.60138],[103.62187,-1.60067],[103.62103,-1.59977],[103.62084,-1.59978],[103.62067,-1.59967],[103.62068,-1.59945],[103.62053,-1.5992],[103.62054,-1.59873],[103.62053,-1.59842],[103.6206,-1.59818],[103.62073,-1.59778],[103.61962,-1.59701],[103.6193,-1.59678],[103.61909,-1.59644],[103.61891,-1.59605],[103.61866,-1.59555],[103.61848,-1.59522],[103.61843,-1.59514],[103.61825,-1.59469],[103.61802,-1.59431],[103.61778,-1.59381],[103.61775,-1.59372],[103.61775,-1.5937],[103.61769,-1.5935],[103.61772,-1.5934],[103.61775,-1.59333],[103.61777,-1.59325],[103.61797,-1.59293],[103.61809,-1.59268],[103.61834,-1.59251],[103.61841,-1.59209],[103.61851,-1.59168],[103.61866,-1.59117],[103.61882,-1.59072],[103.61883,-1.59052],[103.61887,-1.58999],[103.61858,-1.58961],[103.61834,-1.58935],[103.61822,-1.58919],[103.61813,-1.58908],[103.61786,-1.58877],[103.61778,-1.5887],[103.61755,-1.58847],[103.61733,-1.58825],[103.61692,-1.58778],[103.61575,-1.58635],[103.61608,-1.58612],[103.61638,-1.58592],[103.61791,-1.58462],[103.61815,-1.58437],[103.61843,-1.58409],[103.6186,-1.58392],[103.61897,-1.58342],[103.61936,-1.58295],[103.61986,-1.58245],[103.62029,-1.58187],[103.62072,-1.5812],[103.6209,-1.58076],[103.62107,-1.58027],[103.62135,-1.57964],[103.62145,-1.5793],[103.6217,-1.57841],[103.62185,-1.57799],[103.62195,-1.57771],[103.62224,-1.5771],[103.62233,-1.57689],[103.62259,-1.5763],[103.62296,-1.57551],[103.62332,-1.57493],[103.62352,-1.57455],[103.62395,-1.57379],[103.62433,-1.57324],[103.62466,-1.57276],[103.62505,-1.57233],[103.62669,-1.57017],[103.6275,-1.56924],[103.62756,-1.56917],[103.62784,-1.56885],[103.6281,-1.56856],[103.62855,-1.5681],[103.62861,-1.56805],[103.62932,-1.56729],[103.63014,-1.5664],[103.63079,-1.56579],[103.63132,-1.56525],[103.6318,-1.56475],[103.63227,-1.56429],[103.63268,-1.56387],[103.63362,-1.563],[103.63416,-1.56256],[103.63437,-1.5624],[103.63459,-1.56223],[103.63505,-1.56193],[103.63553,-1.56159],[103.63605,-1.56116],[103.63668,-1.56069],[103.63716,-1.56033],[103.6374,-1.56015],[103.63795,-1.55974],[103.63852,-1.55945],[103.63884,-1.55928],[103.63896,-1.55921],[103.63933,-1.55905],[103.63977,-1.55889],[103.64046,-1.55871],[103.64108,-1.55851],[103.64171,-1.55833],[103.64176,-1.55831],[103.6425,-1.55819],[103.64324,-1.55804],[103.6438,-1.55793],[103.64439,-1.55786],[103.6451,-1.55774],[103.64569,-1.5577],[103.64626,-1.55763],[103.64708,-1.55762],[103.64759,-1.55763]]],[[[103.65708,-1.61088],[103.65723,-1.61103],[103.65724,-1.61103],[103.65723,-1.61107],[103.65709,-1.61089],[103.65681,-1.61061],[103.65708,-1.61088]]],[[[103.65618,-1.5997],[103.65627,-1.59934],[103.65626,-1.59937],[103.65618,-1.5997],[103.65536,-1.60058],[103.65531,-1.60064],[103.65474,-1.60126],[103.6548,-1.60249],[103.65496,-1.60533],[103.6548,-1.60249],[103.65474,-1.60126],[103.65534,-1.60061],[103.65618,-1.5997]]],[[[103.65145,-1.5844],[103.65303,-1.58717],[103.65306,-1.58723],[103.65391,-1.58877],[103.65304,-1.5872],[103.65145,-1.5844]]],[[[103.64042,-1.60616],[103.64044,-1.60624],[103.64054,-1.60647],[103.6406,-1.60653],[103.64056,-1.60649],[103.64052,-1.60646],[103.64044,-1.60624],[103.64042,-1.60616]]],[[[103.65691,-1.59657],[103.65694,-1.59666],[103.65693,-1.59668],[103.65691,-1.59657]]],[[[103.63915,-1.60403],[103.63915,-1.60401],[103.63916,-1.6042],[103.63918,-1.60437],[103.63916,-1.6042],[103.63915,-1.60403]]],[[[103.65515,-1.608],[103.65524,-1.60816],[103.65599,-1.60955],[103.65523,-1.60816],[103.65515,-1.608]]],[[[103.63997,-1.60529],[103.64008,-1.60537],[103.64008,-1.60537],[103.64005,-1.60536],[103.63997,-1.60529]]],[[[103.6429,-1.61015],[103.64292,-1.61018],[103.64301,-1.61031],[103.64306,-1.61041],[103.64301,-1.61031],[103.64292,-1.61018],[103.6429,-1.61015]]],[[[103.64027,-1.60576],[103.64031,-1.6059],[103.64036,-1.60597],[103.64031,-1.6059],[103.64027,-1.60576]]],[[[103.64131,-1.60731],[103.64139,-1.60746],[103.64147,-1.60754],[103.64139,-1.60746],[103.64131,-1.60731]]],[[[103.64309,-1.6105],[103.64313,-1.61072],[103.64314,-1.6108],[103.64313,-1.61072],[103.64309,-1.6105]]],[[[103.64257,-1.6098],[103.64271,-1.60996],[103.64275,-1.60999],[103.64271,-1.60996],[103.64257,-1.6098]]],[[[103.6421,-1.60902],[103.64215,-1.60912],[103.64221,-1.60922],[103.64215,-1.60912],[103.6421,-1.60902]]],[[[103.63921,-1.60446],[103.63925,-1.60456],[103.63927,-1.60461],[103.63925,-1.60457],[103.63921,-1.60446]]],[[[103.6416,-1.60794],[103.64162,-1.608],[103.64163,-1.60803],[103.64162,-1.608],[103.6416,-1.60794]]],[[[103.65627,-1.59934],[103.65631,-1.59918],[103.65628,-1.5993],[103.65627,-1.59934]]],[[[103.63947,-1.60489],[103.63949,-1.60491],[103.63949,-1.60491],[103.63947,-1.60489]]],[[[103.65137,-1.58424],[103.65137,-1.58425],[103.65137,-1.58425],[103.65137,-1.58424]]]]}},{"type":"Feature","properties":{"kode_kec":"157104","kecamatan":"Pasar Jambi","kode_kab":"1571","kab_kota":"Kota Jambi","provinsi":"Jambi"},"geometry":{"type":"Polygon","coordinates":[[[103.62053,-1.5992],[103.62036,-1.59935],[103.62012,-1.59966],[103.61993,-1.59995],[103.61971,-1.60026],[103.61938,-1.60071],[103.61877,-1.6016],[103.61848,-1.60207],[103.61835,-1.60227],[103.61822,-1.60174],[103.61819,-1.60163],[103.61813,-1.60138],[103.61797,-1.60101],[103.61776,-1.60078],[103.61766,-1.60067],[103.61728,-1.60031],[103.6162,-1.59937],[103.61565,-1.60005],[103.61563,-1.60007],[103.61561,-1.6001],[103.61508,-1.60036],[103.61428,-1.60072],[103.61354,-1.60077],[103.6133,-1.60078],[103.61165,-1.60074],[103.61152,-1.60125],[103.61048,-1.6007],[103.61002,-1.60036],[103.60974,-1.60015],[103.60919,-1.59981],[103.60886,-1.59942],[103.60865,-1.59906],[103.60859,-1.59888],[103.60847,-1.59879],[103.60826,-1.59872],[103.60799,-1.5987],[103.60796,-1.59869],[103.60756,-1.59884],[103.60726,-1.59901],[103.60712,-1.59915],[103.60684,-1.59951],[103.60651,-1.59988],[103.60632,-1.60009],[103.60638,-1.59981],[103.60638,-1.5998],[103.60666,-1.59892],[103.60672,-1.59875],[103.60682,-1.59829],[103.60686,-1.5981],[103.60689,-1.59794],[103.60698,-1.59756],[103.60706,-1.59716],[103.6071,-1.597],[103.60721,-1.59654],[103.60726,-1.59631],[103.60726,-1.59631],[103.60753,-1.59547],[103.60754,-1.59546],[103.60778,-1.59541],[103.60832,-1.59509],[103.60865,-1.5949],[103.60871,-1.59486],[103.60865,-1.59442],[103.60865,-1.59442],[103.60863,-1.59433],[103.60861,-1.59422],[103.60872,-1.5939],[103.60883,-1.59359],[103.60889,-1.59342],[103.60893,-1.59331],[103.60894,-1.59292],[103.60895,-1.59271],[103.60895,-1.59269],[103.60898,-1.59251],[103.60898,-1.59251],[103.60912,-1.59212],[103.60975,-1.59186],[103.61003,-1.59175],[103.61019,-1.59169],[103.61018,-1.59169],[103.61018,-1.59169],[103.60998,-1.59076],[103.60985,-1.59018],[103.60971,-1.58956],[103.60962,-1.58876],[103.60965,-1.58851],[103.6097,-1.58815],[103.6097,-1.58778],[103.6097,-1.58778],[103.6097,-1.58778],[103.61038,-1.5878],[103.61099,-1.58781],[103.6119,-1.58784],[103.61234,-1.58783],[103.61273,-1.5878],[103.61291,-1.58778],[103.61338,-1.58771],[103.61345,-1.58768],[103.61378,-1.58756],[103.61417,-1.58741],[103.61429,-1.58737],[103.61434,-1.58735],[103.61473,-1.58707],[103.61493,-1.58692],[103.61528,-1.58668],[103.61575,-1.58635],[103.61692,-1.58778],[103.61733,-1.58825],[103.61755,-1.58847],[103.61778,-1.5887],[103.61786,-1.58877],[103.61813,-1.58908],[103.61822,-1.58919],[103.61834,-1.58935],[103.61858,-1.58961],[103.61887,-1.58999],[103.61883,-1.59052],[103.61882,-1.59072],[103.61866,-1.59117],[103.61851,-1.59168],[103.61841,-1.59209],[103.61834,-1.59251],[103.61809,-1.59268],[103.61797,-1.59293],[103.61777,-1.59325],[103.61775,-1.59333],[103.61772,-1.5934],[103.61769,-1.5935],[103.61775,-1.5937],[103.61775,-1.59372],[103.61778,-1.59381],[103.61802,-1.59431],[103.61825,-1.59469],[103.61843,-1.59514],[103.61848,-1.59522],[103.61866,-1.59555],[103.61891,-1.59605],[103.61909,-1.59644],[103.6193,-1.59678],[103.61962,-1.59701],[103.62073,-1.59778],[103.6206,-1.59818],[103.62053,-1.59842],[103.62054,-1.59873],[103.62053,-1.5992]]]}},{"type":"Feature","properties":{"kode_kec":"157105","kecamatan":"Pelayangan","kode_kab":"1571","kab_kota":"Kota Jambi","provinsi":"Jambi"},"geometry":{"type":"Polygon","coordinates":[[[103.64017,-1.55019],[103.64095,-1.5502],[103.64245,-1.55023],[103.64351,-1.55025],[103.64366,-1.55025],[103.64404,-1.55026],[103.64493,-1.55027],[103.64498,-1.55027],[103.64614,-1.55023],[103.64618,-1.55022],[103.64618,-1.55022],[103.64619,-1.55022],[103.64621,-1.55022],[103.64623,-1.55021],[103.64665,-1.55014],[103.64714,-1.55012],[103.64739,-1.55008],[103.64742,-1.55008],[103.64749,-1.55007],[103.64779,-1.55003],[103.64781,-1.55002],[103.64781,-1.55002],[103.64818,-1.55001],[103.64826,-1.55],[103.64845,-1.54998],[103.64864,-1.54995],[103.64873,-1.54997],[103.6488,-1.54998],[103.64884,-1.54999],[103.64908,-1.55005],[103.6492,-1.5501],[103.64975,-1.55031],[103.64978,-1.55033],[103.65182,-1.55128],[103.6523,-1.5515],[103.65265,-1.55175],[103.65285,-1.55191],[103.65307,-1.55207],[103.6531,-1.55214],[103.65314,-1.55222],[103.65323,-1.5524],[103.6533,-1.55262],[103.65333,-1.55271],[103.65337,-1.55287],[103.6534,-1.55311],[103.6538,-1.55596],[103.65383,-1.5562],[103.65383,-1.55622],[103.65397,-1.55723],[103.65403,-1.5576],[103.65403,-1.55761],[103.65406,-1.55789],[103.65194,-1.55778],[103.65105,-1.55774],[103.65024,-1.55768],[103.64957,-1.55766],[103.64903,-1.55762],[103.64832,-1.55762],[103.64759,-1.55763],[103.64708,-1.55762],[103.64626,-1.55763],[103.64569,-1.5577],[103.6451,-1.55774],[103.64439,-1.55786],[103.6438,-1.55793],[103.64324,-1.55804],[103.6425,-1.55819],[103.64176,-1.55831],[103.64171,-1.55833],[103.64108,-1.55851],[103.64046,-1.55871],[103.63977,-1.55889],[103.63933,-1.55905],[103.63896,-1.55921],[103.63884,-1.55928],[103.63852,-1.55945],[103.63795,-1.55974],[103.6374,-1.56015],[103.63716,-1.56033],[103.63668,-1.56069],[103.63605,-1.56116],[103.63553,-1.56159],[103.63505,-1.56193],[103.63459,-1.56223],[103.63437,-1.5624],[103.63416,-1.56256],[103.63362,-1.563],[103.63268,-1.56387],[103.63227,-1.56429],[103.6318,-1.56475],[103.63132,-1.56525],[103.63079,-1.56579],[103.63014,-1.5664],[103.62932,-1.56729],[103.62861,-1.56805],[103.62855,-1.5681],[103.6281,-1.56856],[103.62784,-1.56885],[103.62756,-1.56917],[103.6275,-1.56924],[103.62669,-1.57017],[103.62505,-1.57233],[103.62466,-1.57276],[103.62433,-1.57324],[103.62395,-1.57379],[103.62352,-1.57455],[103.62332,-1.57493],[103.62296,-1.57551],[103.62259,-1.5763],[103.62233,-1.57689],[103.62224,-1.5771],[103.62195,-1.57771],[103.62185,-1.57799],[103.6217,-1.57841],[103.62145,-1.5793],[103.62135,-1.57964],[103.62107,-1.58027],[103.6209,-1.58076],[103.62072,-1.5812],[103.62029,-1.58187],[103.61986,-1.58245],[103.61936,-1.58295],[103.61897,-1.58342],[103.6186,-1.58392],[103.61843,-1.58409],[103.61815,-1.58437],[103.61791,-1.58462],[103.61638,-1.58592],[103.61608,-1.58612],[103.61575,-1.58635],[103.61528,-1.58668],[103.61493,-1.58692],[103.61473,-1.58707],[103.61434,-1.58735],[103.61429,-1.58737],[103.61417,-1.58741],[103.61378,-1.58756],[103.61345,-1.58768],[103.61338,-1.58771],[103.61291,-1.58778],[103.61273,-1.5878],[103.61234,-1.58783],[103.6119,-1.58784],[103.61099,-1.58781],[103.61038,-1.5878],[103.6097,-1.58778],[103.60906,-1.58777],[103.60802,-1.58772],[103.60702,-1.5877],[103.60702,-1.5877],[103.60586,-1.58772],[103.60553,-1.58772],[103.60539,-1.58773],[103.60471,-1.58774],[103.60469,-1.58774],[103.60443,-1.58774],[103.60449,-1.58616],[103.60458,-1.58557],[103.60464,-1.58514],[103.60473,-1.58476],[103.60487,-1.58449],[103.60529,-1.58376],[103.60531,-1.58374],[103.6055,-1.58349],[103.60573,-1.5832],[103.60575,-1.58318],[103.60612,-1.58273],[103.60635,-1.58238],[103.60653,-1.58205],[103.60669,-1.58171],[103.60678,-1.58141],[103.60684,-1.58101],[103.60695,-1.58063],[103.60709,-1.58025],[103.60727,-1.57979],[103.60744,-1.57939],[103.60767,-1.57903],[103.60792,-1.57863],[103.60816,-1.57832],[103.60846,-1.57791],[103.60912,-1.57707],[103.61064,-1.57506],[103.61112,-1.57441],[103.61132,-1.57398],[103.6114,-1.57351],[103.61147,-1.57288],[103.61147,-1.5725],[103.6115,-1.57176],[103.61149,-1.57118],[103.61152,-1.57077],[103.61155,-1.57019],[103.61155,-1.56982],[103.6116,-1.56896],[103.61157,-1.56792],[103.61157,-1.56734],[103.61161,-1.56666],[103.61157,-1.56619],[103.61157,-1.56524],[103.6115,-1.56458],[103.6115,-1.56381],[103.61149,-1.563],[103.61149,-1.5621],[103.61145,-1.56119],[103.61138,-1.56036],[103.61138,-1.55968],[103.61135,-1.55909],[103.61134,-1.55858],[103.61134,-1.55804],[103.61137,-1.55746],[103.61137,-1.55676],[103.61135,-1.55602],[103.61132,-1.55541],[103.61128,-1.55477],[103.61123,-1.55402],[103.61123,-1.55349],[103.61127,-1.55309],[103.61125,-1.55235],[103.61121,-1.55191],[103.61117,-1.55156],[103.61119,-1.55094],[103.6112,-1.55037],[103.61121,-1.54994],[103.61115,-1.54946],[103.61112,-1.54911],[103.6111,-1.54865],[103.61109,-1.54826],[103.61104,-1.54784],[103.61098,-1.54734],[103.61095,-1.54709],[103.61096,-1.54687],[103.61099,-1.54661],[103.6113,-1.54664],[103.61148,-1.54666],[103.61212,-1.54673],[103.61401,-1.54694],[103.61423,-1.54696],[103.61427,-1.54697],[103.61435,-1.54697],[103.61437,-1.54697],[103.61458,-1.54696],[103.6146,-1.54696],[103.6148,-1.54696],[103.61481,-1.54696],[103.61518,-1.54699],[103.6152,-1.547],[103.61529,-1.54701],[103.61536,-1.54703],[103.61546,-1.54705],[103.61549,-1.54706],[103.61553,-1.54706],[103.61577,-1.54711],[103.61606,-1.54727],[103.61645,-1.54748],[103.6167,-1.54761],[103.61724,-1.54804],[103.61782,-1.54843],[103.61794,-1.5485],[103.61837,-1.54873],[103.61887,-1.54903],[103.61944,-1.54941],[103.61967,-1.5496],[103.62005,-1.54991],[103.62015,-1.55],[103.62064,-1.55043],[103.62086,-1.55059],[103.62164,-1.55105],[103.62209,-1.55116],[103.62239,-1.55119],[103.62253,-1.55121],[103.62304,-1.55119],[103.62337,-1.55107],[103.62431,-1.55069],[103.62453,-1.55061],[103.62498,-1.55043],[103.62541,-1.55029],[103.62589,-1.55016],[103.62646,-1.55004],[103.62682,-1.55002],[103.62779,-1.55004],[103.62783,-1.55004],[103.62787,-1.55004],[103.62835,-1.55004],[103.6286,-1.55004],[103.62905,-1.55005],[103.62936,-1.55006],[103.63136,-1.55009],[103.63302,-1.55011],[103.63345,-1.55011],[103.63443,-1.55012],[103.63484,-1.55012],[103.63649,-1.55013],[103.63753,-1.55014],[103.63771,-1.55014],[103.63935,-1.55017],[103.64017,-1.55019]]]}},{"type":"Feature","properties":{"kode_kec":"157106","kecamatan":"Danau Teluk","kode_kab":"1571","kab_kota":"Kota Jambi","provinsi":"Jambi"},"geometry":{"type":"Polygon","coordinates":[[[103.61099,-1.54661],[103.61096,-1.54687],[103.61095,-1.54709],[103.61098,-1.54734],[103.61104,-1.54784],[103.61109,-1.54826],[103.6111,-1.54865],[103.61112,-1.54911],[103.61115,-1.54946],[103.61121,-1.54994],[103.6112,-1.55037],[103.61119,-1.55094],[103.61117,-1.55156],[103.61121,-1.55191],[103.61125,-1.55235],[103.61127,-1.55309],[103.61123,-1.55349],[103.61123,-1.55402],[103.61128,-1.55477],[103.61132,-1.55541],[103.61135,-1.55602],[103.61137,-1.55676],[103.61137,-1.55746],[103.61134,-1.55804],[103.61134,-1.55858],[103.61135,-1.55909],[103.61138,-1.55968],[103.61138,-1.56036],[103.61145,-1.56119],[103.61149,-1.5621],[103.61149,-1.563],[103.6115,-1.56381],[103.6115,-1.56458],[103.61157,-1.56524],[103.61157,-1.56619],[103.61161,-1.56666],[103.61157,-1.56734],[103.61157,-1.56792],[103.6116,-1.56896],[103.61155,-1.56982],[103.61155,-1.57019],[103.61152,-1.57077],[103.61149,-1.57118],[103.6115,-1.57176],[103.61147,-1.5725],[103.61147,-1.57288],[103.6114,-1.57351],[103.61132,-1.57398],[103.61112,-1.57441],[103.61064,-1.57506],[103.60912,-1.57707],[103.60846,-1.57791],[103.60816,-1.57832],[103.60792,-1.57863],[103.60767,-1.57903],[103.60744,-1.57939],[103.60727,-1.57979],[103.60709,-1.58025],[103.60695,-1.58063],[103.60684,-1.58101],[103.60678,-1.58141],[103.60669,-1.58171],[103.60653,-1.58205],[103.60635,-1.58238],[103.60612,-1.58273],[103.60575,-1.58318],[103.60573,-1.5832],[103.6055,-1.58349],[103.60531,-1.58374],[103.60529,-1.58376],[103.60487,-1.58449],[103.60473,-1.58476],[103.60464,-1.58514],[103.60458,-1.58557],[103.60449,-1.58616],[103.60443,-1.58774],[103.60418,-1.58775],[103.60359,-1.58777],[103.60283,-1.58779],[103.60167,-1.58783],[103.60142,-1.58782],[103.6012,-1.58782],[103.60106,-1.58782],[103.60079,-1.58779],[103.60055,-1.58777],[103.60018,-1.5877],[103.59997,-1.58766],[103.59951,-1.58766],[103.5993,-1.5877],[103.5992,-1.58772],[103.59914,-1.58773],[103.59876,-1.5878],[103.59848,-1.58789],[103.59827,-1.58795],[103.59774,-1.58807],[103.59754,-1.58815],[103.59692,-1.58838],[103.59681,-1.58841],[103.59615,-1.58862],[103.59535,-1.58887],[103.59426,-1.58921],[103.59416,-1.58924],[103.59397,-1.5893],[103.59329,-1.58947],[103.59283,-1.58959],[103.5926,-1.58965],[103.59217,-1.58976],[103.59199,-1.5898],[103.59198,-1.58981],[103.59172,-1.58986],[103.59172,-1.58986],[103.59144,-1.58993],[103.59105,-1.58996],[103.59097,-1.58996],[103.5907,-1.58996],[103.59054,-1.58995],[103.59047,-1.58995],[103.59004,-1.58995],[103.58839,-1.58993],[103.58795,-1.58987],[103.58792,-1.58987],[103.58769,-1.58984],[103.58746,-1.5898],[103.58722,-1.58975],[103.58685,-1.58962],[103.58685,-1.58962],[103.58637,-1.58946],[103.58637,-1.58946],[103.58633,-1.58945],[103.58608,-1.58942],[103.58596,-1.58941],[103.58595,-1.58941],[103.58562,-1.58935],[103.58537,-1.5893],[103.58503,-1.58924],[103.58502,-1.58924],[103.58463,-1.58915],[103.58445,-1.58911],[103.58354,-1.58884],[103.58285,-1.58856],[103.58243,-1.58839],[103.58184,-1.58813],[103.58175,-1.58808],[103.58128,-1.58785],[103.58119,-1.5878],[103.58076,-1.58759],[103.58031,-1.58733],[103.57991,-1.58707],[103.5793,-1.5867],[103.57883,-1.58639],[103.57843,-1.58607],[103.57815,-1.58585],[103.57795,-1.5857],[103.57707,-1.58508],[103.57667,-1.58474],[103.57663,-1.5847],[103.57621,-1.58444],[103.57571,-1.58407],[103.57445,-1.58315],[103.57367,-1.58254],[103.57341,-1.58234],[103.57301,-1.58201],[103.57216,-1.58129],[103.5715,-1.58072],[103.57125,-1.58049],[103.57092,-1.58018],[103.57043,-1.57964],[103.57001,-1.57915],[103.56963,-1.57859],[103.5692,-1.578],[103.56809,-1.57662],[103.56778,-1.57623],[103.56725,-1.5754],[103.56666,-1.57463],[103.56616,-1.57377],[103.56624,-1.57377],[103.5663,-1.57374],[103.56673,-1.57341],[103.56699,-1.57321],[103.56753,-1.57284],[103.56795,-1.5725],[103.56961,-1.57118],[103.57108,-1.57003],[103.57184,-1.56942],[103.57256,-1.56885],[103.57406,-1.56767],[103.57464,-1.56726],[103.57548,-1.56658],[103.57747,-1.56498],[103.58059,-1.56252],[103.58503,-1.55904],[103.58838,-1.55639],[103.58845,-1.55634],[103.58934,-1.55564],[103.58935,-1.55563],[103.59033,-1.55485],[103.59038,-1.55481],[103.59285,-1.55286],[103.59296,-1.55277],[103.59297,-1.55276],[103.59301,-1.55272],[103.59313,-1.55269],[103.59314,-1.55269],[103.59322,-1.55267],[103.59324,-1.55267],[103.59354,-1.55269],[103.59355,-1.55269],[103.59367,-1.55269],[103.59418,-1.55273],[103.59422,-1.55273],[103.59477,-1.55254],[103.59498,-1.55246],[103.59502,-1.55244],[103.59529,-1.55233],[103.59539,-1.55229],[103.5955,-1.55224],[103.59585,-1.55208],[103.5961,-1.55193],[103.59613,-1.55191],[103.59633,-1.55178],[103.59662,-1.55154],[103.59673,-1.55145],[103.59703,-1.55115],[103.59705,-1.55113],[103.59742,-1.55076],[103.5975,-1.55066],[103.59753,-1.55064],[103.59777,-1.55035],[103.59814,-1.54983],[103.59816,-1.54981],[103.59831,-1.54958],[103.59853,-1.5493],[103.59855,-1.54927],[103.59878,-1.54898],[103.5992,-1.5486],[103.59957,-1.54832],[103.59959,-1.5483],[103.59962,-1.54828],[103.60005,-1.54789],[103.60076,-1.54747],[103.60138,-1.54719],[103.60172,-1.54704],[103.60174,-1.54703],[103.60212,-1.54687],[103.60303,-1.54655],[103.60351,-1.54645],[103.60368,-1.54642],[103.60424,-1.54633],[103.60512,-1.54632],[103.60596,-1.54627],[103.60609,-1.54626],[103.60688,-1.54632],[103.60832,-1.54641],[103.61099,-1.54661]]]}},{"type":"Feature","properties":{"kode_kec":"157107","kecamatan":"Kota Baru","kode_kab":"1571","kab_kota":"Kota Jambi","provinsi":"Jambi"},"geometry":{"type":"MultiPolygon","coordinates":[[[[103.60397,-1.61736],[103.60394,-1.61796],[103.60419,-1.61797],[103.60435,-1.61797],[103.60468,-1.61796],[103.60527,-1.61797],[103.60534,-1.61787],[103.60538,-1.61759],[103.60544,-1.61708],[103.60566,-1.61707],[103.60584,-1.61709],[103.60613,-1.61709],[103.60747,-1.61695],[103.60748,-1.61695],[103.60808,-1.61691],[103.60857,-1.61687],[103.60909,-1.61685],[103.60941,-1.61697],[103.60958,-1.61708],[103.60968,-1.6173],[103.60953,-1.61777],[103.60938,-1.61821],[103.60909,-1.61856],[103.60911,-1.61888],[103.60913,-1.61934],[103.60858,-1.61952],[103.60838,-1.61976],[103.60829,-1.6201],[103.60831,-1.62051],[103.6083,-1.62092],[103.60828,-1.62121],[103.60813,-1.6214],[103.60842,-1.62159],[103.60892,-1.62177],[103.60932,-1.62201],[103.60952,-1.62233],[103.60949,-1.62296],[103.6096,-1.62328],[103.60957,-1.62333],[103.60955,-1.62336],[103.60815,-1.62538],[103.60805,-1.62553],[103.6075,-1.62605],[103.60763,-1.62618],[103.60797,-1.62651],[103.6081,-1.62682],[103.60826,-1.62713],[103.60903,-1.62768],[103.60956,-1.62803],[103.60966,-1.62816],[103.61006,-1.62871],[103.61017,-1.62885],[103.61021,-1.6289],[103.61027,-1.62898],[103.61032,-1.62904],[103.6107,-1.62963],[103.61123,-1.6302],[103.61076,-1.63088],[103.61133,-1.6313],[103.61193,-1.63175],[103.61224,-1.63204],[103.61286,-1.63261],[103.61217,-1.63345],[103.61259,-1.63396],[103.61243,-1.63417],[103.61234,-1.63429],[103.61207,-1.6347],[103.61195,-1.635],[103.61191,-1.63623],[103.61185,-1.63657],[103.61191,-1.63699],[103.61247,-1.63691],[103.61291,-1.63689],[103.61297,-1.63647],[103.61362,-1.63653],[103.61389,-1.63714],[103.61482,-1.63722],[103.61554,-1.63709],[103.6162,-1.63697],[103.61633,-1.63679],[103.61639,-1.63659],[103.61648,-1.63642],[103.61651,-1.6363],[103.61654,-1.63604],[103.61652,-1.63593],[103.61657,-1.63596],[103.61659,-1.63599],[103.61687,-1.63621],[103.61706,-1.63637],[103.61728,-1.63652],[103.61745,-1.63663],[103.6176,-1.6367],[103.61769,-1.63675],[103.61782,-1.6368],[103.61804,-1.6369],[103.61813,-1.63694],[103.61827,-1.637],[103.61857,-1.63714],[103.61869,-1.63719],[103.61896,-1.6373],[103.61927,-1.63741],[103.61938,-1.63745],[103.61949,-1.63748],[103.61953,-1.63749],[103.61956,-1.6375],[103.61965,-1.63752],[103.61987,-1.63752],[103.61988,-1.63752],[103.61994,-1.63752],[103.61996,-1.63752],[103.62,-1.63752],[103.62018,-1.63751],[103.62031,-1.63753],[103.6204,-1.63753],[103.62058,-1.63753],[103.62072,-1.63755],[103.62085,-1.6375],[103.62098,-1.63745],[103.62103,-1.63735],[103.62119,-1.63731],[103.62139,-1.63737],[103.62174,-1.63751],[103.62203,-1.63767],[103.62262,-1.63785],[103.62277,-1.63815],[103.62285,-1.63839],[103.62289,-1.63847],[103.6229,-1.63854],[103.62294,-1.63862],[103.62297,-1.63868],[103.623,-1.63882],[103.62306,-1.63904],[103.62308,-1.63916],[103.62309,-1.63921],[103.6231,-1.6394],[103.62312,-1.63961],[103.62312,-1.63984],[103.62311,-1.64002],[103.6231,-1.64023],[103.62309,-1.64041],[103.62306,-1.64067],[103.62302,-1.64094],[103.62298,-1.64112],[103.62293,-1.64127],[103.62292,-1.6413],[103.6229,-1.64134],[103.62283,-1.64154],[103.62273,-1.6417],[103.62273,-1.64189],[103.62263,-1.64207],[103.62246,-1.64234],[103.62225,-1.64279],[103.62209,-1.64305],[103.62196,-1.64324],[103.6218,-1.64345],[103.62161,-1.64371],[103.62142,-1.64396],[103.62134,-1.64414],[103.62131,-1.64457],[103.62136,-1.64526],[103.62174,-1.64556],[103.62175,-1.64593],[103.62159,-1.64617],[103.62165,-1.64629],[103.62181,-1.64647],[103.62186,-1.64666],[103.62188,-1.64681],[103.62189,-1.64694],[103.62184,-1.64754],[103.6214,-1.64756],[103.62125,-1.64755],[103.62105,-1.64828],[103.62096,-1.64857],[103.62085,-1.64897],[103.62077,-1.6493],[103.62072,-1.64944],[103.62072,-1.6495],[103.62062,-1.64996],[103.62057,-1.65018],[103.62057,-1.65018],[103.62059,-1.65028],[103.62085,-1.65033],[103.62093,-1.65034],[103.62137,-1.65043],[103.62174,-1.65052],[103.6221,-1.65063],[103.62223,-1.65066],[103.62267,-1.6507],[103.62271,-1.65071],[103.6227,-1.65072],[103.62225,-1.65168],[103.62222,-1.65172],[103.62217,-1.65181],[103.62197,-1.65213],[103.62189,-1.65225],[103.62184,-1.65235],[103.62183,-1.65237],[103.62181,-1.65248],[103.62123,-1.654],[103.62123,-1.65405],[103.62117,-1.65458],[103.62117,-1.65461],[103.62113,-1.6548],[103.6211,-1.65497],[103.6209,-1.65535],[103.62085,-1.65544],[103.62084,-1.65548],[103.62066,-1.65682],[103.62051,-1.6574],[103.6204,-1.65782],[103.62028,-1.65839],[103.62013,-1.65911],[103.6199,-1.65959],[103.61972,-1.66001],[103.61971,-1.66002],[103.61959,-1.66037],[103.61958,-1.66041],[103.61943,-1.66032],[103.61927,-1.66022],[103.61718,-1.65874],[103.61641,-1.6582],[103.61444,-1.6568],[103.61383,-1.65641],[103.61356,-1.65656],[103.61339,-1.65665],[103.6133,-1.65671],[103.6132,-1.65677],[103.61243,-1.65684],[103.61207,-1.65687],[103.61139,-1.65702],[103.61116,-1.65723],[103.61117,-1.65756],[103.6111,-1.6578],[103.60939,-1.65861],[103.60805,-1.65956],[103.60802,-1.65958],[103.60801,-1.65963],[103.60795,-1.66017],[103.60786,-1.66058],[103.60953,-1.66157],[103.61002,-1.66213],[103.61209,-1.66559],[103.61227,-1.66581],[103.61241,-1.66593],[103.61259,-1.66602],[103.61286,-1.66604],[103.61483,-1.66555],[103.61549,-1.66538],[103.61603,-1.66525],[103.6164,-1.66516],[103.61666,-1.66515],[103.61693,-1.66524],[103.61719,-1.66535],[103.61864,-1.66598],[103.61875,-1.66602],[103.61855,-1.6672],[103.61834,-1.66847],[103.6219,-1.67105],[103.62616,-1.67217],[103.62742,-1.67522],[103.62657,-1.67517],[103.62721,-1.67637],[103.62791,-1.67637],[103.63094,-1.67643],[103.62792,-1.68084],[103.62634,-1.68314],[103.6216,-1.69005],[103.6208,-1.69122],[103.6209,-1.69459],[103.62024,-1.69372],[103.61665,-1.68895],[103.61639,-1.68991],[103.61445,-1.69189],[103.60893,-1.69086],[103.60288,-1.68302],[103.59785,-1.67652],[103.59438,-1.67375],[103.59408,-1.67369],[103.59376,-1.67367],[103.59355,-1.67366],[103.59254,-1.67369],[103.59124,-1.67364],[103.59063,-1.67348],[103.58679,-1.67222],[103.58044,-1.67015],[103.57935,-1.6698],[103.57833,-1.66946],[103.57695,-1.66868],[103.5773,-1.66765],[103.57721,-1.66621],[103.57709,-1.66439],[103.57606,-1.66366],[103.57589,-1.66382],[103.57606,-1.66366],[103.57637,-1.66349],[103.57659,-1.66336],[103.57701,-1.66306],[103.57767,-1.66259],[103.57812,-1.66227],[103.57897,-1.66158],[103.57954,-1.66102],[103.58016,-1.66046],[103.58069,-1.66014],[103.58073,-1.66003],[103.58066,-1.65994],[103.58025,-1.65973],[103.58007,-1.65956],[103.57985,-1.65941],[103.57966,-1.65927],[103.57974,-1.65879],[103.58025,-1.65851],[103.58034,-1.65819],[103.57999,-1.65792],[103.57969,-1.65754],[103.5795,-1.65686],[103.57939,-1.65637],[103.57904,-1.65591],[103.57875,-1.65553],[103.57848,-1.65519],[103.57833,-1.65494],[103.57809,-1.65481],[103.57784,-1.65486],[103.57785,-1.65471],[103.57792,-1.65448],[103.57809,-1.65426],[103.57841,-1.65397],[103.57863,-1.65424],[103.57893,-1.65431],[103.5792,-1.65433],[103.57962,-1.65415],[103.57989,-1.65376],[103.58015,-1.65334],[103.58042,-1.65326],[103.58074,-1.65314],[103.58094,-1.65301],[103.58108,-1.65291],[103.58121,-1.65281],[103.5816,-1.65246],[103.58199,-1.65212],[103.58236,-1.65175],[103.58285,-1.65176],[103.58368,-1.65122],[103.58421,-1.6508],[103.5847,-1.65096],[103.5855,-1.64992],[103.58578,-1.64985],[103.58597,-1.64956],[103.58593,-1.64933],[103.58637,-1.64852],[103.58679,-1.64775],[103.5865,-1.6472],[103.58563,-1.64727],[103.58526,-1.64727],[103.5858,-1.64584],[103.58589,-1.64564],[103.58593,-1.64574],[103.586,-1.64593],[103.58669,-1.64582],[103.58734,-1.64571],[103.58844,-1.64537],[103.5887,-1.64521],[103.58884,-1.64513],[103.58879,-1.6448],[103.58878,-1.6447],[103.58843,-1.64419],[103.58833,-1.64384],[103.5882,-1.64349],[103.58835,-1.64316],[103.58864,-1.64252],[103.58891,-1.64201],[103.58934,-1.64218],[103.58931,-1.64203],[103.58925,-1.64184],[103.58925,-1.6415],[103.58933,-1.64126],[103.59057,-1.63901],[103.58901,-1.63771],[103.58832,-1.63729],[103.58781,-1.63741],[103.58736,-1.63735],[103.58716,-1.63732],[103.5867,-1.63666],[103.58627,-1.6355],[103.58578,-1.63495],[103.58517,-1.63447],[103.58489,-1.63451],[103.5848,-1.63453],[103.58432,-1.63448],[103.58395,-1.63493],[103.58371,-1.63523],[103.58248,-1.63532],[103.58239,-1.63516],[103.58241,-1.63495],[103.58246,-1.63456],[103.58255,-1.63416],[103.58279,-1.63324],[103.58284,-1.6329],[103.5829,-1.63247],[103.583,-1.63246],[103.58324,-1.6324],[103.5835,-1.6323],[103.58371,-1.63219],[103.58394,-1.63199],[103.58407,-1.63185],[103.58425,-1.63161],[103.58441,-1.6313],[103.58451,-1.631],[103.58454,-1.63086],[103.58461,-1.63059],[103.58468,-1.63021],[103.58471,-1.62972],[103.58472,-1.62933],[103.5847,-1.62912],[103.58468,-1.62893],[103.58467,-1.62847],[103.58475,-1.62826],[103.58514,-1.62817],[103.58526,-1.62793],[103.58528,-1.62749],[103.58528,-1.62661],[103.58528,-1.62492],[103.58528,-1.62481],[103.58548,-1.62478],[103.58559,-1.62477],[103.58576,-1.62471],[103.58598,-1.62454],[103.58612,-1.62433],[103.58618,-1.62413],[103.58618,-1.62401],[103.58613,-1.6232],[103.58607,-1.6222],[103.5859,-1.62082],[103.58582,-1.62081],[103.5859,-1.62082],[103.58661,-1.62076],[103.5869,-1.62073],[103.58696,-1.62073],[103.58735,-1.62074],[103.58766,-1.62076],[103.58787,-1.62071],[103.58787,-1.62071],[103.58808,-1.62066],[103.58829,-1.62059],[103.58841,-1.62052],[103.58847,-1.62048],[103.58872,-1.62032],[103.5888,-1.62027],[103.58911,-1.62009],[103.58947,-1.61986],[103.58948,-1.61986],[103.59002,-1.61961],[103.59003,-1.61962],[103.59015,-1.61963],[103.59016,-1.61963],[103.59061,-1.6197],[103.59106,-1.6197],[103.59124,-1.61967],[103.59161,-1.61961],[103.59214,-1.61954],[103.59267,-1.61948],[103.59306,-1.61943],[103.59363,-1.61936],[103.59453,-1.61919],[103.59476,-1.61914],[103.59492,-1.6191],[103.59534,-1.61898],[103.59538,-1.61896],[103.59595,-1.61876],[103.59619,-1.6187],[103.59641,-1.61864],[103.59671,-1.6186],[103.59691,-1.61848],[103.59692,-1.61848],[103.59721,-1.61832],[103.5974,-1.6182],[103.59754,-1.61812],[103.59773,-1.61799],[103.59789,-1.61787],[103.59797,-1.61782],[103.59797,-1.61782],[103.59811,-1.61775],[103.59811,-1.61774],[103.59811,-1.61773],[103.59812,-1.61773],[103.59812,-1.61772],[103.59813,-1.61772],[103.59851,-1.61758],[103.59862,-1.61755],[103.5987,-1.61753],[103.59929,-1.61758],[103.59995,-1.61767],[103.60027,-1.61772],[103.60086,-1.61781],[103.60131,-1.61784],[103.60151,-1.61783],[103.60183,-1.61771],[103.60228,-1.61751],[103.60238,-1.61746],[103.60287,-1.61724],[103.6033,-1.61703],[103.60348,-1.61697],[103.60385,-1.6168],[103.60417,-1.61665],[103.60441,-1.61656],[103.6044,-1.61659],[103.60417,-1.61691],[103.60397,-1.61736]]],[[[103.54599,-1.61765],[103.5456,-1.61802],[103.54599,-1.61765],[103.54599,-1.6173],[103.54599,-1.61725],[103.54645,-1.61696],[103.54655,-1.61686],[103.54645,-1.61696],[103.54599,-1.61728],[103.54599,-1.61765]]],[[[103.54682,-1.61585],[103.54678,-1.61603],[103.54682,-1.61585],[103.54689,-1.61549],[103.54704,-1.6151],[103.54723,-1.61483],[103.54734,-1.61459],[103.54742,-1.61445],[103.54744,-1.61409],[103.54764,-1.61305],[103.54778,-1.61227],[103.548,-1.61116],[103.54797,-1.61131],[103.54778,-1.61226],[103.54768,-1.61284],[103.54764,-1.61305],[103.54753,-1.61362],[103.54744,-1.61409],[103.54742,-1.61444],[103.54735,-1.61459],[103.54724,-1.61482],[103.54704,-1.6151],[103.54689,-1.61548],[103.54682,-1.61585]]],[[[103.54407,-1.62302],[103.54404,-1.6231],[103.54427,-1.62259],[103.54448,-1.62202],[103.5446,-1.62143],[103.54462,-1.62105],[103.54461,-1.6207],[103.54463,-1.62105],[103.5446,-1.62143],[103.54448,-1.62201],[103.54427,-1.62259],[103.54407,-1.62302]]],[[[103.53994,-1.63332],[103.54002,-1.63422],[103.53993,-1.63336],[103.53994,-1.63328],[103.53995,-1.63301],[103.53993,-1.63289],[103.53995,-1.63301],[103.53994,-1.63332]]],[[[103.52537,-1.66197],[103.52637,-1.65836],[103.52675,-1.65701],[103.52637,-1.65836],[103.52537,-1.66197]]],[[[103.5393,-1.64539],[103.5393,-1.64539],[103.53938,-1.64524],[103.53938,-1.64502],[103.53934,-1.64479],[103.53924,-1.64445],[103.53915,-1.6442],[103.53915,-1.6442],[103.53924,-1.64445],[103.53935,-1.64479],[103.53938,-1.64502],[103.53938,-1.64524],[103.5393,-1.64539]]],[[[103.54888,-1.60947],[103.54881,-1.60961],[103.54889,-1.60946],[103.54941,-1.60902],[103.54888,-1.60947]]],[[[103.52667,-1.67664],[103.53165,-1.6778],[103.53446,-1.67846],[103.53927,-1.67958],[103.53446,-1.67846],[103.53165,-1.6778],[103.52667,-1.67664],[103.52667,-1.67664]]],[[[103.5409,-1.62785],[103.54083,-1.62805],[103.54089,-1.62785],[103.54128,-1.62704],[103.54167,-1.62649],[103.54178,-1.62621],[103.54176,-1.62627],[103.54167,-1.62649],[103.54128,-1.62704],[103.5409,-1.62785]]],[[[103.56554,-1.61476],[103.56555,-1.61334],[103.56556,-1.61337],[103.56554,-1.61476]]],[[[103.57807,-1.61937],[103.57747,-1.61955],[103.57807,-1.61937],[103.57807,-1.61937],[103.57807,-1.61937]]],[[[103.57456,-1.62118],[103.57456,-1.62118],[103.57497,-1.62073],[103.57501,-1.62069],[103.57504,-1.62066],[103.57528,-1.62043],[103.57572,-1.62005],[103.57528,-1.62043],[103.57499,-1.6207],[103.57456,-1.62118]]],[[[103.56858,-1.61713],[103.57017,-1.61846],[103.57076,-1.61907],[103.57105,-1.61932],[103.57077,-1.61907],[103.57017,-1.61846],[103.56858,-1.61714],[103.56755,-1.61625],[103.5672,-1.61603],[103.56681,-1.61586],[103.56645,-1.61581],[103.56645,-1.61581],[103.56681,-1.61586],[103.5672,-1.61603],[103.56755,-1.61625],[103.56858,-1.61713]]],[[[103.54364,-1.62375],[103.54322,-1.62403],[103.54363,-1.62376],[103.54395,-1.62326],[103.54391,-1.62332],[103.54364,-1.62375]]],[[[103.55197,-1.60588],[103.55174,-1.60616],[103.55197,-1.60588],[103.55234,-1.60549],[103.55273,-1.60524],[103.55302,-1.60487],[103.55315,-1.60468],[103.55302,-1.60487],[103.55273,-1.60524],[103.55234,-1.60549],[103.55197,-1.60588]]],[[[103.56961,-1.66548],[103.56988,-1.66561],[103.57034,-1.66579],[103.57124,-1.66603],[103.57234,-1.66598],[103.57249,-1.66598],[103.57328,-1.66566],[103.57249,-1.66598],[103.57234,-1.66598],[103.57123,-1.66603],[103.57034,-1.66579],[103.56988,-1.66561],[103.56961,-1.66548]]],[[[103.54018,-1.63776],[103.54025,-1.63832],[103.54026,-1.63854],[103.54022,-1.63873],[103.54026,-1.63854],[103.54025,-1.63832],[103.54018,-1.63776],[103.54013,-1.63722],[103.54014,-1.63596],[103.54013,-1.63722],[103.54018,-1.63776]]],[[[103.5542,-1.60298],[103.55403,-1.60325],[103.5542,-1.60298],[103.55448,-1.60262],[103.55463,-1.60246],[103.5547,-1.60236],[103.5547,-1.60236],[103.55463,-1.60247],[103.55448,-1.60262],[103.5542,-1.60298]]],[[[103.53898,-1.64313],[103.53891,-1.6434],[103.53891,-1.64338],[103.53898,-1.64313],[103.53898,-1.64313]]],[[[103.55528,-1.67795],[103.55744,-1.67902],[103.5588,-1.67969],[103.5588,-1.67969],[103.55744,-1.67902],[103.55528,-1.67795]]],[[[103.54476,-1.61895],[103.54474,-1.61906],[103.54486,-1.61851],[103.54498,-1.61844],[103.54486,-1.61851],[103.54476,-1.61895]]],[[[103.56418,-1.6112],[103.56441,-1.61149],[103.56476,-1.61191],[103.5648,-1.61196],[103.56476,-1.61191],[103.56441,-1.61149],[103.56418,-1.61121],[103.5641,-1.61115],[103.56381,-1.61096],[103.56381,-1.61096],[103.56383,-1.61097],[103.5641,-1.61115],[103.56418,-1.6112]]],[[[103.55768,-1.60587],[103.55779,-1.60605],[103.55812,-1.60645],[103.55842,-1.60681],[103.55812,-1.60645],[103.55779,-1.60605],[103.55768,-1.60587]]],[[[103.52869,-1.64996],[103.52864,-1.65006],[103.52869,-1.64996],[103.5288,-1.64982],[103.529,-1.64967],[103.52948,-1.64948],[103.52969,-1.64939],[103.52948,-1.64948],[103.52923,-1.64958],[103.529,-1.64968],[103.5288,-1.64982],[103.52869,-1.64996]]],[[[103.53898,-1.64564],[103.53868,-1.64576],[103.53898,-1.64564],[103.53917,-1.64551],[103.53929,-1.64539],[103.53918,-1.64551],[103.53898,-1.64564]]],[[[103.55554,-1.60383],[103.55589,-1.60418],[103.55616,-1.60444],[103.55637,-1.60464],[103.55616,-1.60444],[103.55589,-1.60418],[103.55554,-1.60383]]],[[[103.57894,-1.61914],[103.57906,-1.61913],[103.57941,-1.61917],[103.57969,-1.61924],[103.58026,-1.61943],[103.57969,-1.61924],[103.57941,-1.61917],[103.57906,-1.61913],[103.57894,-1.61914]]],[[[103.55853,-1.60694],[103.55876,-1.60722],[103.55918,-1.60752],[103.55929,-1.60759],[103.55918,-1.60752],[103.55876,-1.60722],[103.55853,-1.60694]]],[[[103.54999,-1.60845],[103.54997,-1.60848],[103.54999,-1.60845],[103.55031,-1.60814],[103.55059,-1.60797],[103.55067,-1.60781],[103.55059,-1.60797],[103.55031,-1.60814],[103.54999,-1.60845]]],[[[103.54228,-1.62513],[103.54216,-1.62537],[103.54228,-1.62513],[103.54259,-1.62468],[103.54251,-1.6248],[103.54228,-1.62513]]],[[[103.56257,-1.67265],[103.5625,-1.67295],[103.56256,-1.67265],[103.56265,-1.67226],[103.56277,-1.67196],[103.56287,-1.67174],[103.56291,-1.67168],[103.56287,-1.67174],[103.56277,-1.67196],[103.56265,-1.67226],[103.56257,-1.67265]]],[[[103.55118,-1.60695],[103.55106,-1.60721],[103.55118,-1.60695],[103.5513,-1.60676],[103.55139,-1.6066],[103.55158,-1.60635],[103.55139,-1.6066],[103.5513,-1.60676],[103.55118,-1.60695]]],[[[103.54061,-1.629],[103.5406,-1.62939],[103.54061,-1.629],[103.54066,-1.62874],[103.54073,-1.6284],[103.54073,-1.62839],[103.54066,-1.62874],[103.54061,-1.629]]],[[[103.5716,-1.61984],[103.57216,-1.6204],[103.57247,-1.62064],[103.57216,-1.6204],[103.5716,-1.61984]]],[[[103.5564,-1.60466],[103.55676,-1.60489],[103.55709,-1.60523],[103.55715,-1.60529],[103.55709,-1.60523],[103.55676,-1.60489],[103.5564,-1.60466]]],[[[103.53889,-1.64358],[103.53894,-1.64375],[103.53897,-1.64385],[103.53899,-1.64388],[103.53897,-1.64385],[103.53889,-1.64358],[103.53891,-1.64341],[103.53889,-1.64358]]],[[[103.5394,-1.6409],[103.53936,-1.64101],[103.5394,-1.6409],[103.53943,-1.64021],[103.53948,-1.63994],[103.53952,-1.63978],[103.53948,-1.63994],[103.53943,-1.64021],[103.5394,-1.6409]]],[[[103.53968,-1.63945],[103.53962,-1.63954],[103.53968,-1.63945],[103.53997,-1.63922],[103.54014,-1.63898],[103.54021,-1.63878],[103.54014,-1.63898],[103.53997,-1.63922],[103.53968,-1.63945]]],[[[103.55344,-1.60411],[103.55324,-1.60453],[103.55344,-1.60411],[103.55358,-1.60386],[103.55344,-1.60411]]],[[[103.56026,-1.67735],[103.56016,-1.67742],[103.56026,-1.67735],[103.56044,-1.67721],[103.5606,-1.67699],[103.56071,-1.67682],[103.56075,-1.67675],[103.56071,-1.67682],[103.5606,-1.67699],[103.56044,-1.67721],[103.56026,-1.67735]]],[[[103.56101,-1.6762],[103.561,-1.67622],[103.56101,-1.6762],[103.56112,-1.67589],[103.56122,-1.67553],[103.56133,-1.67512],[103.56149,-1.67478],[103.56133,-1.67512],[103.56122,-1.67553],[103.56112,-1.67589],[103.56101,-1.6762]]],[[[103.55011,-1.6765],[103.55122,-1.67593],[103.55122,-1.67593],[103.55011,-1.6765]]],[[[103.57417,-1.6652],[103.57401,-1.66532],[103.57416,-1.6652],[103.5745,-1.66498],[103.57498,-1.66461],[103.5745,-1.66498],[103.57417,-1.6652]]],[[[103.55527,-1.60315],[103.55532,-1.60336],[103.55544,-1.60363],[103.55532,-1.60336],[103.55527,-1.60315]]],[[[103.54002,-1.63428],[103.54006,-1.63466],[103.54014,-1.63581],[103.54006,-1.63466],[103.54002,-1.63428]]],[[[103.56867,-1.6651],[103.56885,-1.66516],[103.56907,-1.66525],[103.56885,-1.66516],[103.56867,-1.6651]]],[[[103.53901,-1.64302],[103.539,-1.64305],[103.53905,-1.6428],[103.53905,-1.64271],[103.53905,-1.6428],[103.53901,-1.64302]]],[[[103.58125,-1.61973],[103.58154,-1.61982],[103.58167,-1.61985],[103.58154,-1.61982],[103.58125,-1.61973]]],[[[103.54274,-1.6245],[103.54264,-1.62461],[103.54282,-1.62442],[103.543,-1.62422],[103.54282,-1.62441],[103.54274,-1.6245]]],[[[103.566,-1.61584],[103.56588,-1.61596],[103.566,-1.61584],[103.56638,-1.61581],[103.566,-1.61584]]],[[[103.56727,-1.66671],[103.56705,-1.66689],[103.56727,-1.66671],[103.56743,-1.66656],[103.56727,-1.66671]]],[[[103.54677,-1.61607],[103.54677,-1.61607],[103.54678,-1.61618],[103.54677,-1.61607]]],[[[103.57348,-1.62133],[103.57366,-1.6214],[103.574,-1.62141],[103.57366,-1.6214],[103.57348,-1.62133]]],[[[103.56801,-1.66555],[103.56793,-1.6657],[103.56801,-1.66554],[103.56812,-1.66542],[103.56801,-1.66555]]],[[[103.53903,-1.64225],[103.53904,-1.64236],[103.53903,-1.64225],[103.53906,-1.64193],[103.53908,-1.64185],[103.53906,-1.64193],[103.53903,-1.64225]]],[[[103.56394,-1.67015],[103.56368,-1.67045],[103.56394,-1.67015],[103.56406,-1.67001],[103.56394,-1.67015]]],[[[103.52628,-1.67592],[103.52635,-1.67618],[103.5264,-1.67632],[103.52647,-1.67645],[103.5264,-1.67632],[103.52635,-1.67618],[103.52628,-1.67592],[103.52626,-1.67581],[103.52628,-1.67592]]],[[[103.53767,-1.64617],[103.53703,-1.64643],[103.53767,-1.64617],[103.53786,-1.64609],[103.53767,-1.64617]]],[[[103.56334,-1.61032],[103.56339,-1.61044],[103.56347,-1.61059],[103.56339,-1.61044],[103.56334,-1.61032]]],[[[103.56564,-1.61577],[103.5657,-1.61596],[103.56572,-1.61598],[103.5657,-1.61596],[103.56564,-1.61577]]],[[[103.53966,-1.63144],[103.53969,-1.6316],[103.53966,-1.63144],[103.53967,-1.63135],[103.53966,-1.63144]]],[[[103.56247,-1.60956],[103.56257,-1.6096],[103.56293,-1.60987],[103.56295,-1.60989],[103.56293,-1.60988],[103.56256,-1.6096],[103.56247,-1.60956]]],[[[103.58237,-1.62005],[103.58255,-1.62009],[103.58306,-1.62024],[103.58255,-1.62009],[103.58237,-1.62005]]],[[[103.53976,-1.63102],[103.53974,-1.63107],[103.53976,-1.63102],[103.53987,-1.63085],[103.53976,-1.63102]]],[[[103.55962,-1.67787],[103.55943,-1.67815],[103.55943,-1.67815],[103.55962,-1.67787],[103.55965,-1.67783],[103.55962,-1.67787]]],[[[103.56526,-1.61248],[103.5654,-1.61262],[103.56546,-1.6127],[103.5654,-1.61262],[103.56526,-1.61248]]],[[[103.56845,-1.66524],[103.56838,-1.66526],[103.56845,-1.66524],[103.5686,-1.66507],[103.5686,-1.66507],[103.56845,-1.66524]]],[[[103.56558,-1.61527],[103.5656,-1.61549],[103.56561,-1.61562],[103.5656,-1.61548],[103.56558,-1.61527]]],[[[103.55883,-1.67955],[103.55881,-1.67967],[103.55883,-1.67955],[103.55887,-1.67945],[103.55883,-1.67955]]],[[[103.56227,-1.67374],[103.56224,-1.6738],[103.56227,-1.67374],[103.56232,-1.67356],[103.56227,-1.67374]]],[[[103.52618,-1.675],[103.5262,-1.67526],[103.52621,-1.67542],[103.5262,-1.67526],[103.52618,-1.675]]],[[[103.56478,-1.66923],[103.56451,-1.66949],[103.56478,-1.66923],[103.5648,-1.6692],[103.56478,-1.66923]]],[[[103.57837,-1.61926],[103.57836,-1.61926],[103.57837,-1.61926],[103.5785,-1.61922],[103.57837,-1.61926]]],[[[103.53974,-1.63173],[103.53978,-1.63183],[103.53979,-1.63188],[103.53978,-1.63183],[103.53974,-1.63173]]],[[[103.58476,-1.62071],[103.58486,-1.62073],[103.58498,-1.62073],[103.58486,-1.62073],[103.58476,-1.62071]]],[[[103.5485,-1.6102],[103.54847,-1.61025],[103.5485,-1.6102],[103.5486,-1.61002],[103.5485,-1.6102]]],[[[103.55381,-1.60352],[103.55371,-1.60366],[103.55381,-1.60352],[103.55391,-1.6034],[103.55381,-1.60352]]],[[[103.56065,-1.60841],[103.56075,-1.60848],[103.56085,-1.60855],[103.56075,-1.60848],[103.56065,-1.60841]]],[[[103.54049,-1.63],[103.54049,-1.63001],[103.54049,-1.62999],[103.54051,-1.62997],[103.54049,-1.63]]],[[[103.56539,-1.6686],[103.56534,-1.66865],[103.56539,-1.6686],[103.56544,-1.66856],[103.56539,-1.6686]]],[[[103.56777,-1.66611],[103.56776,-1.66612],[103.56777,-1.66611],[103.56779,-1.66605],[103.56777,-1.66611]]],[[[103.57578,-1.62],[103.57578,-1.62],[103.57586,-1.61998],[103.57578,-1.62]]],[[[103.52537,-1.66197],[103.52537,-1.66197],[103.52536,-1.66204],[103.52537,-1.66197]]],[[[103.56232,-1.67355],[103.56232,-1.67355],[103.56233,-1.67352],[103.56232,-1.67355]]],[[[103.56449,-1.66951],[103.56451,-1.66949],[103.56451,-1.66949],[103.56449,-1.66951]]],[[[103.574,-1.62141],[103.57402,-1.62141],[103.574,-1.62141],[103.574,-1.62141]]],[[[103.54016,-1.63042],[103.54016,-1.63042],[103.54016,-1.63042],[103.54016,-1.63042]]],[[[103.54416,-1.62023],[103.54416,-1.62023],[103.54416,-1.62023],[103.54416,-1.62023]]]]}},{"type":"Feature","properties":{"kode_kec":"157108","kecamatan":"Jelutung","kode_kab":"1571","kab_kota":"Kota Jambi","provinsi":"Jambi"},"geometry":{"type":"Polygon","coordinates":[[[103.62053,-1.5992],[103.62068,-1.59945],[103.62067,-1.59967],[103.62084,-1.59978],[103.62103,-1.59977],[103.62187,-1.60067],[103.62252,-1.60138],[103.6226,-1.60147],[103.62276,-1.60166],[103.62299,-1.60183],[103.6231,-1.60191],[103.62293,-1.60207],[103.62289,-1.60223],[103.62282,-1.60253],[103.62278,-1.60279],[103.62279,-1.60302],[103.62275,-1.60335],[103.62265,-1.60368],[103.62239,-1.60383],[103.62199,-1.60406],[103.62171,-1.60418],[103.62143,-1.60428],[103.62112,-1.6045],[103.62084,-1.60478],[103.62055,-1.6051],[103.62051,-1.6052],[103.62048,-1.60525],[103.62038,-1.60548],[103.62029,-1.60571],[103.62019,-1.60595],[103.61996,-1.6063],[103.61982,-1.60652],[103.61945,-1.60697],[103.61931,-1.60713],[103.61924,-1.60747],[103.61923,-1.60777],[103.61928,-1.60801],[103.61929,-1.60831],[103.61927,-1.60863],[103.6192,-1.60899],[103.61917,-1.60929],[103.61916,-1.60935],[103.6192,-1.6096],[103.61927,-1.60975],[103.61941,-1.61007],[103.61952,-1.61028],[103.61958,-1.61055],[103.61964,-1.61084],[103.61974,-1.61112],[103.62006,-1.61154],[103.6204,-1.61189],[103.62073,-1.61238],[103.62094,-1.61275],[103.62101,-1.61302],[103.62113,-1.61329],[103.62144,-1.61363],[103.62178,-1.61404],[103.62209,-1.61438],[103.62239,-1.61475],[103.62294,-1.61559],[103.62329,-1.61601],[103.62354,-1.6164],[103.62319,-1.61651],[103.62273,-1.61686],[103.62227,-1.61733],[103.62171,-1.61789],[103.62166,-1.61798],[103.62221,-1.61838],[103.62229,-1.61843],[103.62295,-1.6188],[103.62333,-1.61849],[103.62342,-1.61841],[103.62363,-1.61878],[103.62439,-1.62015],[103.62418,-1.62025],[103.62379,-1.62043],[103.62338,-1.62072],[103.62313,-1.62089],[103.62309,-1.62091],[103.6228,-1.62113],[103.62255,-1.62143],[103.6223,-1.62174],[103.6222,-1.62207],[103.62199,-1.62275],[103.6219,-1.62315],[103.62181,-1.62349],[103.62176,-1.62375],[103.62168,-1.62405],[103.62167,-1.62409],[103.6222,-1.62428],[103.6224,-1.62432],[103.62263,-1.62429],[103.62297,-1.62462],[103.62327,-1.62478],[103.62331,-1.62479],[103.6235,-1.62493],[103.62386,-1.62517],[103.62386,-1.62518],[103.62384,-1.6252],[103.62347,-1.62579],[103.62326,-1.62647],[103.62309,-1.62692],[103.6229,-1.62724],[103.62259,-1.62768],[103.62223,-1.6283],[103.62308,-1.62867],[103.6243,-1.62921],[103.6246,-1.62932],[103.62515,-1.62958],[103.62481,-1.63],[103.62456,-1.63032],[103.62441,-1.63058],[103.62429,-1.63092],[103.62423,-1.63105],[103.62407,-1.63135],[103.62404,-1.6314],[103.62386,-1.63188],[103.62382,-1.6325],[103.62375,-1.63304],[103.62374,-1.63313],[103.62363,-1.63383],[103.62362,-1.63387],[103.62358,-1.6341],[103.62344,-1.63504],[103.62339,-1.63582],[103.62339,-1.63583],[103.6236,-1.63624],[103.62404,-1.63689],[103.6243,-1.63707],[103.62453,-1.63735],[103.6247,-1.63795],[103.6246,-1.63861],[103.6246,-1.63866],[103.62455,-1.63869],[103.62453,-1.63869],[103.62442,-1.63867],[103.62433,-1.63868],[103.62418,-1.63868],[103.62396,-1.63868],[103.6238,-1.63868],[103.62371,-1.63867],[103.62335,-1.63866],[103.62315,-1.63867],[103.62297,-1.63868],[103.62294,-1.63862],[103.6229,-1.63854],[103.62289,-1.63847],[103.62285,-1.63839],[103.62277,-1.63815],[103.62262,-1.63785],[103.62203,-1.63767],[103.62174,-1.63751],[103.62139,-1.63737],[103.62119,-1.63731],[103.62103,-1.63735],[103.62098,-1.63745],[103.62085,-1.6375],[103.62072,-1.63755],[103.62058,-1.63753],[103.6204,-1.63753],[103.62031,-1.63753],[103.62018,-1.63751],[103.62,-1.63752],[103.61996,-1.63752],[103.61994,-1.63752],[103.61988,-1.63752],[103.61987,-1.63752],[103.61965,-1.63752],[103.61956,-1.6375],[103.61953,-1.63749],[103.61949,-1.63748],[103.61938,-1.63745],[103.61927,-1.63741],[103.61896,-1.6373],[103.61869,-1.63719],[103.61857,-1.63714],[103.61827,-1.637],[103.61813,-1.63694],[103.61804,-1.6369],[103.61782,-1.6368],[103.61769,-1.63675],[103.6176,-1.6367],[103.61745,-1.63663],[103.61728,-1.63652],[103.61706,-1.63637],[103.61687,-1.63621],[103.61659,-1.63599],[103.61657,-1.63596],[103.61652,-1.63593],[103.61654,-1.63604],[103.61651,-1.6363],[103.61648,-1.63642],[103.61639,-1.63659],[103.61633,-1.63679],[103.6162,-1.63697],[103.61554,-1.63709],[103.61482,-1.63722],[103.61389,-1.63714],[103.61362,-1.63653],[103.61297,-1.63647],[103.61291,-1.63689],[103.61247,-1.63691],[103.61191,-1.63699],[103.61185,-1.63657],[103.61191,-1.63623],[103.61195,-1.635],[103.61207,-1.6347],[103.61234,-1.63429],[103.61243,-1.63417],[103.61259,-1.63396],[103.61217,-1.63345],[103.61286,-1.63261],[103.61224,-1.63204],[103.61193,-1.63175],[103.61133,-1.6313],[103.61076,-1.63088],[103.61123,-1.6302],[103.6107,-1.62963],[103.61032,-1.62904],[103.61027,-1.62898],[103.61021,-1.6289],[103.61017,-1.62885],[103.61006,-1.62871],[103.60966,-1.62816],[103.60956,-1.62803],[103.60903,-1.62768],[103.60826,-1.62713],[103.6081,-1.62682],[103.60797,-1.62651],[103.60763,-1.62618],[103.6075,-1.62605],[103.60805,-1.62553],[103.60815,-1.62538],[103.60955,-1.62336],[103.60957,-1.62333],[103.6096,-1.62328],[103.60949,-1.62296],[103.60952,-1.62233],[103.60932,-1.62201],[103.60892,-1.62177],[103.60842,-1.62159],[103.60813,-1.6214],[103.60828,-1.62121],[103.6083,-1.62092],[103.60831,-1.62051],[103.60829,-1.6201],[103.60838,-1.61976],[103.60858,-1.61952],[103.60913,-1.61934],[103.60911,-1.61888],[103.60909,-1.61856],[103.60938,-1.61821],[103.60953,-1.61777],[103.60968,-1.6173],[103.60958,-1.61708],[103.60941,-1.61697],[103.60909,-1.61685],[103.60857,-1.61687],[103.60808,-1.61691],[103.60748,-1.61695],[103.60747,-1.61695],[103.60613,-1.61709],[103.60584,-1.61709],[103.60566,-1.61707],[103.60544,-1.61708],[103.60538,-1.61759],[103.60534,-1.61787],[103.60527,-1.61797],[103.60468,-1.61796],[103.60435,-1.61797],[103.60419,-1.61797],[103.60394,-1.61796],[103.60397,-1.61736],[103.60417,-1.61691],[103.6044,-1.61659],[103.60441,-1.61656],[103.60417,-1.61665],[103.60385,-1.6168],[103.60348,-1.61697],[103.6033,-1.61703],[103.60287,-1.61724],[103.60238,-1.61746],[103.60228,-1.61751],[103.60183,-1.61771],[103.60151,-1.61783],[103.60131,-1.61784],[103.60086,-1.61781],[103.60027,-1.61772],[103.59995,-1.61767],[103.59929,-1.61758],[103.5987,-1.61753],[103.59862,-1.61755],[103.59851,-1.61758],[103.59813,-1.61772],[103.59812,-1.61772],[103.59814,-1.61722],[103.59813,-1.61701],[103.59812,-1.61678],[103.59814,-1.6167],[103.59817,-1.61659],[103.59824,-1.61644],[103.59825,-1.61641],[103.59832,-1.61627],[103.59837,-1.61615],[103.59848,-1.61581],[103.59857,-1.61554],[103.59858,-1.61549],[103.59859,-1.61546],[103.59867,-1.61501],[103.59864,-1.61466],[103.59863,-1.61439],[103.59861,-1.61407],[103.59864,-1.61369],[103.59864,-1.61367],[103.59869,-1.6134],[103.59869,-1.61333],[103.59869,-1.61301],[103.59864,-1.61264],[103.59861,-1.61255],[103.59855,-1.61241],[103.59844,-1.6122],[103.5984,-1.6121],[103.59816,-1.61192],[103.59803,-1.61177],[103.59798,-1.61171],[103.59792,-1.61162],[103.59778,-1.61141],[103.59771,-1.61112],[103.5976,-1.61084],[103.59758,-1.61076],[103.59737,-1.61033],[103.5972,-1.60995],[103.59704,-1.60968],[103.59704,-1.60967],[103.59705,-1.60967],[103.59716,-1.60952],[103.59721,-1.60945],[103.59749,-1.60908],[103.59769,-1.60888],[103.59775,-1.60882],[103.59816,-1.60834],[103.5982,-1.60828],[103.59842,-1.60802],[103.59849,-1.60794],[103.5988,-1.60754],[103.59882,-1.6075],[103.59882,-1.6075],[103.59916,-1.60708],[103.59919,-1.60704],[103.5994,-1.60682],[103.59965,-1.60656],[103.60005,-1.60601],[103.60036,-1.60559],[103.60058,-1.60533],[103.60077,-1.60512],[103.60085,-1.60502],[103.60088,-1.60499],[103.60162,-1.60427],[103.60197,-1.6039],[103.60202,-1.60385],[103.60206,-1.60381],[103.60223,-1.60364],[103.60246,-1.60338],[103.60267,-1.60314],[103.60271,-1.60309],[103.60279,-1.60298],[103.60291,-1.60282],[103.60307,-1.60257],[103.60319,-1.60239],[103.60339,-1.60227],[103.60362,-1.60219],[103.60364,-1.60218],[103.60371,-1.60215],[103.60434,-1.60185],[103.60462,-1.60165],[103.60495,-1.60141],[103.60514,-1.6013],[103.60527,-1.60123],[103.60539,-1.60111],[103.60565,-1.60084],[103.60632,-1.60009],[103.60632,-1.60009],[103.60632,-1.60009],[103.60651,-1.59988],[103.60684,-1.59951],[103.60712,-1.59915],[103.60726,-1.59901],[103.60756,-1.59884],[103.60796,-1.59869],[103.60799,-1.5987],[103.60826,-1.59872],[103.60847,-1.59879],[103.60859,-1.59888],[103.60865,-1.59906],[103.60886,-1.59942],[103.60919,-1.59981],[103.60974,-1.60015],[103.61002,-1.60036],[103.61048,-1.6007],[103.61152,-1.60125],[103.61165,-1.60074],[103.6133,-1.60078],[103.61354,-1.60077],[103.61428,-1.60072],[103.61508,-1.60036],[103.61561,-1.6001],[103.61563,-1.60007],[103.61565,-1.60005],[103.6162,-1.59937],[103.61728,-1.60031],[103.61766,-1.60067],[103.61776,-1.60078],[103.61797,-1.60101],[103.61813,-1.60138],[103.61819,-1.60163],[103.61822,-1.60174],[103.61835,-1.60227],[103.61848,-1.60207],[103.61877,-1.6016],[103.61938,-1.60071],[103.61971,-1.60026],[103.61993,-1.59995],[103.62012,-1.59966],[103.62036,-1.59935],[103.62053,-1.5992]]]}},{"type":"Feature","properties":{"kode_kec":"157109","kecamatan":"Alam Barajo","kode_kab":"1571","kab_kota":"Kota Jambi","provinsi":"Jambi"},"geometry":{"type":"Polygon","coordinates":[[[103.55527,-1.60315],[103.55532,-1.60336],[103.55544,-1.60363],[103.55551,-1.6038],[103.55554,-1.60383],[103.55589,-1.60418],[103.55616,-1.60444],[103.55637,-1.60464],[103.55638,-1.60465],[103.5564,-1.60466],[103.55676,-1.60489],[103.55709,-1.60523],[103.55715,-1.60529],[103.55748,-1.60556],[103.55768,-1.60587],[103.55779,-1.60605],[103.55812,-1.60645],[103.55842,-1.60681],[103.55849,-1.60689],[103.55853,-1.60694],[103.55876,-1.60722],[103.55918,-1.60752],[103.55929,-1.60759],[103.55943,-1.60768],[103.55987,-1.60787],[103.56036,-1.6082],[103.56065,-1.60841],[103.56075,-1.60848],[103.56085,-1.60855],[103.56119,-1.60879],[103.56157,-1.60905],[103.56185,-1.60918],[103.56213,-1.60939],[103.56247,-1.60956],[103.56256,-1.6096],[103.56293,-1.60988],[103.56295,-1.60989],[103.56327,-1.61018],[103.56334,-1.61032],[103.56339,-1.61044],[103.56347,-1.61059],[103.56354,-1.61072],[103.56381,-1.61096],[103.56381,-1.61096],[103.5641,-1.61115],[103.56418,-1.61121],[103.56441,-1.61149],[103.56476,-1.61191],[103.5648,-1.61196],[103.565,-1.61221],[103.56521,-1.61242],[103.56526,-1.61248],[103.5654,-1.61262],[103.56546,-1.6127],[103.56552,-1.6128],[103.56555,-1.61331],[103.56555,-1.61333],[103.56555,-1.61334],[103.56554,-1.61476],[103.56553,-1.61492],[103.56558,-1.61527],[103.5656,-1.61548],[103.56561,-1.61562],[103.56562,-1.61574],[103.56564,-1.61577],[103.5657,-1.61596],[103.56572,-1.61598],[103.5658,-1.61604],[103.56588,-1.61596],[103.566,-1.61584],[103.56638,-1.61581],[103.56645,-1.61581],[103.56645,-1.61581],[103.56681,-1.61586],[103.5672,-1.61603],[103.56755,-1.61625],[103.56858,-1.61714],[103.57017,-1.61846],[103.57077,-1.61907],[103.57105,-1.61932],[103.57132,-1.61956],[103.5716,-1.61984],[103.57216,-1.6204],[103.57247,-1.62064],[103.57272,-1.62084],[103.57327,-1.62124],[103.57348,-1.62133],[103.57366,-1.6214],[103.574,-1.62141],[103.574,-1.62141],[103.574,-1.62141],[103.57402,-1.62141],[103.57429,-1.62135],[103.57456,-1.62118],[103.57456,-1.62118],[103.57499,-1.6207],[103.57528,-1.62043],[103.57572,-1.62005],[103.57578,-1.62],[103.57578,-1.62],[103.57586,-1.61998],[103.57621,-1.6199],[103.57677,-1.61974],[103.57743,-1.61956],[103.57747,-1.61955],[103.57807,-1.61937],[103.57807,-1.61937],[103.57836,-1.61926],[103.57837,-1.61926],[103.5785,-1.61922],[103.57863,-1.61919],[103.57884,-1.61915],[103.57894,-1.61914],[103.57906,-1.61913],[103.57941,-1.61917],[103.57969,-1.61924],[103.58026,-1.61943],[103.58037,-1.61946],[103.58097,-1.61965],[103.58125,-1.61973],[103.58154,-1.61982],[103.58167,-1.61985],[103.5818,-1.61989],[103.58237,-1.62005],[103.58255,-1.62009],[103.58306,-1.62024],[103.58359,-1.62039],[103.58401,-1.6205],[103.58476,-1.62071],[103.58486,-1.62073],[103.58498,-1.62073],[103.58516,-1.62072],[103.58547,-1.62078],[103.58582,-1.62081],[103.5859,-1.62082],[103.58607,-1.6222],[103.58613,-1.6232],[103.58618,-1.62401],[103.58618,-1.62413],[103.58612,-1.62433],[103.58598,-1.62454],[103.58576,-1.62471],[103.58559,-1.62477],[103.58548,-1.62478],[103.58528,-1.62481],[103.58528,-1.62492],[103.58528,-1.62661],[103.58528,-1.62749],[103.58526,-1.62793],[103.58514,-1.62817],[103.58475,-1.62826],[103.58467,-1.62847],[103.58468,-1.62893],[103.5847,-1.62912],[103.58472,-1.62933],[103.58471,-1.62972],[103.58468,-1.63021],[103.58461,-1.63059],[103.58454,-1.63086],[103.58451,-1.631],[103.58441,-1.6313],[103.58425,-1.63161],[103.58407,-1.63185],[103.58394,-1.63199],[103.58371,-1.63219],[103.5835,-1.6323],[103.58324,-1.6324],[103.583,-1.63246],[103.5829,-1.63247],[103.58284,-1.6329],[103.58279,-1.63324],[103.58255,-1.63416],[103.58246,-1.63456],[103.58241,-1.63495],[103.58239,-1.63516],[103.58248,-1.63532],[103.58371,-1.63523],[103.58395,-1.63493],[103.58432,-1.63448],[103.5848,-1.63453],[103.58489,-1.63451],[103.58517,-1.63447],[103.58578,-1.63495],[103.58627,-1.6355],[103.5867,-1.63666],[103.58716,-1.63732],[103.58736,-1.63735],[103.58781,-1.63741],[103.58832,-1.63729],[103.58901,-1.63771],[103.59057,-1.63901],[103.58933,-1.64126],[103.58925,-1.6415],[103.58925,-1.64184],[103.58931,-1.64203],[103.58934,-1.64218],[103.58891,-1.64201],[103.58864,-1.64252],[103.58835,-1.64316],[103.5882,-1.64349],[103.58833,-1.64384],[103.58843,-1.64419],[103.58878,-1.6447],[103.58879,-1.6448],[103.58884,-1.64513],[103.5887,-1.64521],[103.58844,-1.64537],[103.58734,-1.64571],[103.58669,-1.64582],[103.586,-1.64593],[103.58593,-1.64574],[103.58589,-1.64564],[103.5858,-1.64584],[103.58526,-1.64727],[103.58563,-1.64727],[103.5865,-1.6472],[103.58679,-1.64775],[103.58637,-1.64852],[103.58593,-1.64933],[103.58597,-1.64956],[103.58578,-1.64985],[103.5855,-1.64992],[103.5847,-1.65096],[103.58421,-1.6508],[103.58368,-1.65122],[103.58285,-1.65176],[103.58236,-1.65175],[103.58199,-1.65212],[103.5816,-1.65246],[103.58121,-1.65281],[103.58108,-1.65291],[103.58094,-1.65301],[103.58074,-1.65314],[103.58042,-1.65326],[103.58015,-1.65334],[103.57989,-1.65376],[103.57962,-1.65415],[103.5792,-1.65433],[103.57893,-1.65431],[103.57863,-1.65424],[103.57841,-1.65397],[103.57809,-1.65426],[103.57792,-1.65448],[103.57785,-1.65471],[103.57784,-1.65486],[103.57809,-1.65481],[103.57833,-1.65494],[103.57848,-1.65519],[103.57875,-1.65553],[103.57904,-1.65591],[103.57939,-1.65637],[103.5795,-1.65686],[103.57969,-1.65754],[103.57999,-1.65792],[103.58034,-1.65819],[103.58025,-1.65851],[103.57974,-1.65879],[103.57966,-1.65927],[103.57985,-1.65941],[103.58007,-1.65956],[103.58025,-1.65973],[103.58066,-1.65994],[103.58073,-1.66003],[103.58069,-1.66014],[103.58016,-1.66046],[103.57954,-1.66102],[103.57897,-1.66158],[103.57812,-1.66227],[103.57767,-1.66259],[103.57701,-1.66306],[103.57659,-1.66336],[103.57637,-1.66349],[103.57606,-1.66366],[103.57589,-1.66382],[103.57576,-1.66393],[103.57519,-1.66445],[103.57498,-1.66461],[103.5745,-1.66498],[103.57416,-1.6652],[103.57401,-1.66532],[103.57386,-1.66542],[103.57328,-1.66566],[103.57249,-1.66598],[103.57234,-1.66598],[103.57124,-1.66603],[103.57034,-1.66579],[103.56988,-1.66561],[103.56961,-1.66548],[103.56928,-1.66534],[103.56907,-1.66525],[103.56885,-1.66516],[103.56867,-1.6651],[103.5686,-1.66507],[103.5686,-1.66507],[103.56845,-1.66524],[103.56838,-1.66526],[103.56829,-1.66529],[103.5682,-1.66534],[103.56812,-1.66542],[103.56801,-1.66554],[103.56793,-1.6657],[103.56785,-1.66587],[103.56779,-1.66605],[103.56777,-1.66611],[103.56776,-1.66612],[103.56767,-1.66627],[103.56755,-1.66646],[103.56743,-1.66656],[103.56727,-1.66671],[103.56705,-1.66689],[103.56689,-1.66702],[103.56664,-1.66717],[103.56635,-1.66755],[103.5661,-1.66785],[103.5658,-1.6682],[103.56544,-1.66856],[103.56539,-1.6686],[103.56534,-1.66865],[103.56504,-1.66895],[103.5648,-1.6692],[103.56478,-1.66923],[103.56451,-1.66949],[103.56451,-1.66949],[103.56451,-1.66949],[103.56449,-1.66951],[103.56422,-1.66981],[103.56406,-1.67001],[103.56394,-1.67015],[103.56368,-1.67045],[103.56364,-1.67051],[103.56344,-1.67081],[103.56329,-1.67106],[103.56308,-1.67141],[103.56291,-1.67168],[103.56287,-1.67174],[103.56277,-1.67196],[103.56265,-1.67226],[103.56256,-1.67265],[103.5625,-1.67295],[103.56243,-1.67323],[103.56233,-1.67352],[103.56232,-1.67355],[103.56232,-1.67355],[103.56232,-1.67356],[103.56227,-1.67374],[103.56224,-1.6738],[103.56218,-1.6739],[103.56205,-1.67402],[103.56205,-1.67402],[103.56187,-1.67419],[103.56164,-1.67447],[103.5615,-1.67476],[103.56149,-1.67478],[103.56133,-1.67512],[103.56122,-1.67553],[103.56112,-1.67589],[103.56101,-1.6762],[103.561,-1.67622],[103.56092,-1.67646],[103.56081,-1.67664],[103.56075,-1.67675],[103.56071,-1.67682],[103.5606,-1.67699],[103.56044,-1.67721],[103.56026,-1.67735],[103.56016,-1.67742],[103.56,-1.67754],[103.55977,-1.67772],[103.55965,-1.67783],[103.55962,-1.67787],[103.55943,-1.67815],[103.55943,-1.67815],[103.55928,-1.67845],[103.55911,-1.67881],[103.55896,-1.67922],[103.55887,-1.67945],[103.55883,-1.67955],[103.55881,-1.67967],[103.5588,-1.67969],[103.5588,-1.67969],[103.55744,-1.67902],[103.55528,-1.67795],[103.55122,-1.67593],[103.55122,-1.67593],[103.55011,-1.6765],[103.54836,-1.6774],[103.54257,-1.68036],[103.53927,-1.67958],[103.53446,-1.67846],[103.53165,-1.6778],[103.52667,-1.67664],[103.52667,-1.67664],[103.5265,-1.67649],[103.52647,-1.67645],[103.5264,-1.67632],[103.52635,-1.67618],[103.52628,-1.67592],[103.52626,-1.67581],[103.52624,-1.67564],[103.52621,-1.67542],[103.5262,-1.67526],[103.52618,-1.675],[103.52613,-1.67434],[103.52553,-1.66672],[103.52538,-1.66475],[103.52527,-1.66295],[103.52526,-1.6626],[103.52536,-1.66204],[103.52537,-1.66197],[103.52637,-1.65836],[103.52675,-1.65701],[103.52677,-1.65694],[103.52689,-1.65647],[103.52857,-1.65025],[103.52863,-1.65009],[103.52864,-1.65006],[103.52869,-1.64996],[103.5288,-1.64982],[103.529,-1.64968],[103.52923,-1.64958],[103.52948,-1.64948],[103.52969,-1.64939],[103.53163,-1.64861],[103.53635,-1.6467],[103.53703,-1.64643],[103.53767,-1.64617],[103.53786,-1.64609],[103.53797,-1.64605],[103.53835,-1.64589],[103.53864,-1.64578],[103.53868,-1.64576],[103.53898,-1.64564],[103.53918,-1.64551],[103.53929,-1.64539],[103.5393,-1.64539],[103.5393,-1.64539],[103.53938,-1.64524],[103.53938,-1.64502],[103.53935,-1.64479],[103.53924,-1.64445],[103.53915,-1.6442],[103.53915,-1.6442],[103.53899,-1.64388],[103.53897,-1.64385],[103.53894,-1.64375],[103.53889,-1.64358],[103.53891,-1.64341],[103.53891,-1.6434],[103.53891,-1.6434],[103.53898,-1.64313],[103.53898,-1.64313],[103.539,-1.64305],[103.53901,-1.64302],[103.53905,-1.6428],[103.53905,-1.64271],[103.53906,-1.64254],[103.53904,-1.64236],[103.53903,-1.64225],[103.53906,-1.64193],[103.53908,-1.64185],[103.53914,-1.64155],[103.53928,-1.64127],[103.53936,-1.64101],[103.5394,-1.6409],[103.53943,-1.64021],[103.53948,-1.63994],[103.53952,-1.63978],[103.53954,-1.63967],[103.53962,-1.63954],[103.53968,-1.63945],[103.53997,-1.63922],[103.54014,-1.63898],[103.54021,-1.63878],[103.54022,-1.63875],[103.54022,-1.63873],[103.54026,-1.63854],[103.54025,-1.63832],[103.54018,-1.63776],[103.54013,-1.63722],[103.54014,-1.63596],[103.54014,-1.63581],[103.54006,-1.63466],[103.54002,-1.63428],[103.54002,-1.63423],[103.54002,-1.63422],[103.53994,-1.63332],[103.53995,-1.63301],[103.53993,-1.63289],[103.53992,-1.63281],[103.53981,-1.63205],[103.53979,-1.63188],[103.53978,-1.63183],[103.53974,-1.63173],[103.5397,-1.63163],[103.53969,-1.6316],[103.53966,-1.63144],[103.53967,-1.63135],[103.53968,-1.63123],[103.53971,-1.63114],[103.53974,-1.63107],[103.53976,-1.63102],[103.53987,-1.63085],[103.53993,-1.63077],[103.54015,-1.63043],[103.54016,-1.63042],[103.54016,-1.63042],[103.54049,-1.63001],[103.54049,-1.63],[103.54051,-1.62997],[103.54054,-1.62992],[103.54058,-1.62978],[103.5406,-1.62963],[103.5406,-1.62943],[103.5406,-1.62939],[103.54061,-1.629],[103.54066,-1.62874],[103.54073,-1.62839],[103.54073,-1.62839],[103.54082,-1.62808],[103.54083,-1.62805],[103.5409,-1.62785],[103.54128,-1.62704],[103.54167,-1.62649],[103.54176,-1.62627],[103.54178,-1.62621],[103.54194,-1.6258],[103.54213,-1.62543],[103.54216,-1.62537],[103.54228,-1.62513],[103.54251,-1.6248],[103.54259,-1.62468],[103.54262,-1.62462],[103.54264,-1.62461],[103.54274,-1.6245],[103.54282,-1.62441],[103.543,-1.62422],[103.5431,-1.62411],[103.54322,-1.62403],[103.54364,-1.62375],[103.54391,-1.62332],[103.54395,-1.62326],[103.544,-1.62318],[103.54404,-1.6231],[103.54407,-1.62302],[103.54427,-1.62259],[103.54448,-1.62201],[103.5446,-1.62143],[103.54463,-1.62105],[103.54461,-1.6207],[103.54461,-1.62065],[103.54416,-1.62023],[103.54416,-1.62023],[103.54416,-1.62023],[103.54472,-1.61912],[103.54474,-1.61906],[103.54476,-1.61895],[103.54486,-1.61851],[103.54498,-1.61844],[103.54511,-1.61836],[103.54521,-1.6183],[103.54545,-1.61816],[103.5456,-1.61802],[103.54599,-1.61765],[103.54599,-1.61728],[103.54645,-1.61696],[103.54655,-1.61686],[103.54678,-1.6166],[103.54678,-1.6163],[103.54678,-1.61618],[103.54678,-1.61618],[103.54677,-1.61607],[103.54677,-1.61607],[103.54678,-1.61603],[103.54682,-1.61585],[103.54689,-1.61548],[103.54704,-1.6151],[103.54724,-1.61482],[103.54735,-1.61459],[103.54742,-1.61444],[103.54744,-1.61409],[103.54753,-1.61362],[103.54764,-1.61305],[103.54768,-1.61284],[103.54778,-1.61226],[103.54797,-1.61131],[103.548,-1.61116],[103.54806,-1.61083],[103.54847,-1.61025],[103.5485,-1.6102],[103.5486,-1.61002],[103.54875,-1.60973],[103.54881,-1.60961],[103.54888,-1.60947],[103.54941,-1.60902],[103.54941,-1.60902],[103.54956,-1.6089],[103.54974,-1.60875],[103.54997,-1.60848],[103.54999,-1.60845],[103.55031,-1.60814],[103.55059,-1.60797],[103.55067,-1.60781],[103.55076,-1.60766],[103.55099,-1.60734],[103.55106,-1.60721],[103.55118,-1.60695],[103.5513,-1.60676],[103.55139,-1.6066],[103.55158,-1.60635],[103.55167,-1.60624],[103.55174,-1.60616],[103.55197,-1.60588],[103.55234,-1.60549],[103.55273,-1.60524],[103.55302,-1.60487],[103.55315,-1.60468],[103.55321,-1.6046],[103.55324,-1.60453],[103.55344,-1.60411],[103.55358,-1.60386],[103.55361,-1.60379],[103.55371,-1.60366],[103.55381,-1.60352],[103.55391,-1.6034],[103.55403,-1.60325],[103.5542,-1.60298],[103.55448,-1.60262],[103.55463,-1.60247],[103.5547,-1.60236],[103.55485,-1.60234],[103.55503,-1.60253],[103.55522,-1.60295],[103.55527,-1.60315]]]}},{"type":"Feature","properties":{"kode_kec":"157110","kecamatan":"Danau Sipin","kode_kab":"1571","kab_kota":"Kota Jambi","provinsi":"Jambi"},"geometry":{"type":"Polygon","coordinates":[[[103.60142,-1.58782],[103.60167,-1.58783],[103.60283,-1.58779],[103.60359,-1.58777],[103.60418,-1.58775],[103.60443,-1.58775],[103.60469,-1.58774],[103.60471,-1.58774],[103.60539,-1.58773],[103.60553,-1.58772],[103.60586,-1.58772],[103.60702,-1.5877],[103.60702,-1.5877],[103.60802,-1.58772],[103.60906,-1.58777],[103.6097,-1.58778],[103.6097,-1.58778],[103.6097,-1.58815],[103.60965,-1.58851],[103.60962,-1.58876],[103.60971,-1.58956],[103.60985,-1.59018],[103.60998,-1.59076],[103.61018,-1.59169],[103.61018,-1.59169],[103.61003,-1.59175],[103.60975,-1.59186],[103.60912,-1.59212],[103.60898,-1.59251],[103.60898,-1.59251],[103.60898,-1.59251],[103.60895,-1.59269],[103.60895,-1.59269],[103.60894,-1.59293],[103.60893,-1.59331],[103.60889,-1.59342],[103.60883,-1.59359],[103.60872,-1.5939],[103.60861,-1.59422],[103.60863,-1.59433],[103.60865,-1.59442],[103.60865,-1.59442],[103.60868,-1.59488],[103.60832,-1.59509],[103.60778,-1.59541],[103.60754,-1.59546],[103.60753,-1.59546],[103.60726,-1.59631],[103.60726,-1.59631],[103.60721,-1.59654],[103.6071,-1.597],[103.60706,-1.59716],[103.60698,-1.59756],[103.60689,-1.59794],[103.60686,-1.5981],[103.60682,-1.59829],[103.60672,-1.59875],[103.60666,-1.59892],[103.60638,-1.5998],[103.60638,-1.59981],[103.60632,-1.60009],[103.60632,-1.60009],[103.60632,-1.60009],[103.60565,-1.60084],[103.60539,-1.60111],[103.60527,-1.60123],[103.60514,-1.6013],[103.60494,-1.60141],[103.60462,-1.60165],[103.60434,-1.60185],[103.60371,-1.60215],[103.60364,-1.60218],[103.60362,-1.60219],[103.60339,-1.60227],[103.60319,-1.60239],[103.60307,-1.60257],[103.60291,-1.60282],[103.60279,-1.60298],[103.60271,-1.60309],[103.60267,-1.60314],[103.60246,-1.60338],[103.60223,-1.60364],[103.60206,-1.60381],[103.60202,-1.60385],[103.60197,-1.6039],[103.60162,-1.60427],[103.60088,-1.60499],[103.60085,-1.60502],[103.60077,-1.60512],[103.60058,-1.60533],[103.60035,-1.60559],[103.60005,-1.60601],[103.59965,-1.60656],[103.5994,-1.60682],[103.59919,-1.60704],[103.59916,-1.60708],[103.59882,-1.6075],[103.59882,-1.6075],[103.59849,-1.60794],[103.59842,-1.60802],[103.5982,-1.60828],[103.59816,-1.60834],[103.59776,-1.60882],[103.59769,-1.60888],[103.59749,-1.60908],[103.59721,-1.60945],[103.59716,-1.60952],[103.59704,-1.60967],[103.59704,-1.60968],[103.5972,-1.60995],[103.59737,-1.61033],[103.59758,-1.61076],[103.5976,-1.61084],[103.59771,-1.61111],[103.59778,-1.61141],[103.59792,-1.61162],[103.59798,-1.61171],[103.59803,-1.61177],[103.59815,-1.61192],[103.5984,-1.6121],[103.59844,-1.6122],[103.59855,-1.61241],[103.59861,-1.61255],[103.59864,-1.61263],[103.59869,-1.61301],[103.59869,-1.61336],[103.59864,-1.61367],[103.59864,-1.61369],[103.59861,-1.61407],[103.59863,-1.61439],[103.59864,-1.61466],[103.59867,-1.61501],[103.59859,-1.61546],[103.59858,-1.61549],[103.59857,-1.61554],[103.59848,-1.61581],[103.59837,-1.61615],[103.59832,-1.61627],[103.59825,-1.61641],[103.59824,-1.61644],[103.59817,-1.61659],[103.59814,-1.6167],[103.59812,-1.61678],[103.59813,-1.61701],[103.59814,-1.61722],[103.59812,-1.61772],[103.59812,-1.61773],[103.59811,-1.61773],[103.59797,-1.61782],[103.59797,-1.61782],[103.59789,-1.61787],[103.59773,-1.61799],[103.59753,-1.61812],[103.5974,-1.6182],[103.59721,-1.61832],[103.59692,-1.61848],[103.59691,-1.61848],[103.59671,-1.6186],[103.59641,-1.61864],[103.59619,-1.6187],[103.59595,-1.61876],[103.59538,-1.61896],[103.59534,-1.61898],[103.59492,-1.6191],[103.59476,-1.61914],[103.59453,-1.61919],[103.59363,-1.61936],[103.59306,-1.61943],[103.59267,-1.61948],[103.59214,-1.61954],[103.59161,-1.61961],[103.59124,-1.61967],[103.59106,-1.6197],[103.59061,-1.6197],[103.59016,-1.61963],[103.59015,-1.61963],[103.59002,-1.61961],[103.59002,-1.61961],[103.58948,-1.61986],[103.58947,-1.61986],[103.58947,-1.61986],[103.58911,-1.62009],[103.5888,-1.62027],[103.58872,-1.62032],[103.58847,-1.62048],[103.58841,-1.62052],[103.58829,-1.62059],[103.58808,-1.62066],[103.58787,-1.62071],[103.58787,-1.62071],[103.58785,-1.61993],[103.58784,-1.61974],[103.58782,-1.61862],[103.58741,-1.61814],[103.58704,-1.61798],[103.58657,-1.61776],[103.58676,-1.61736],[103.58692,-1.61716],[103.58727,-1.61684],[103.58707,-1.6167],[103.58681,-1.61653],[103.58643,-1.61614],[103.58641,-1.61605],[103.58692,-1.61518],[103.58683,-1.61448],[103.58639,-1.61427],[103.5858,-1.61394],[103.58559,-1.61369],[103.58578,-1.6134],[103.58582,-1.61318],[103.58582,-1.61301],[103.58587,-1.61282],[103.58567,-1.61274],[103.58532,-1.61256],[103.58511,-1.61222],[103.58506,-1.61181],[103.58501,-1.6117],[103.58483,-1.61131],[103.58469,-1.61095],[103.58453,-1.61059],[103.58451,-1.61045],[103.58449,-1.61019],[103.5845,-1.60993],[103.5845,-1.60983],[103.58452,-1.60958],[103.58454,-1.6094],[103.58454,-1.60903],[103.58456,-1.60868],[103.58454,-1.60831],[103.58453,-1.60793],[103.58446,-1.60767],[103.58422,-1.60737],[103.58419,-1.60685],[103.5842,-1.606],[103.58442,-1.6056],[103.58469,-1.60511],[103.58493,-1.60468],[103.58493,-1.60447],[103.58483,-1.60416],[103.58462,-1.60373],[103.58454,-1.60342],[103.58452,-1.60319],[103.58453,-1.60295],[103.58437,-1.60266],[103.58394,-1.60239],[103.58363,-1.60225],[103.58355,-1.60208],[103.58351,-1.60192],[103.58349,-1.60165],[103.58351,-1.60146],[103.58354,-1.60122],[103.58367,-1.60025],[103.58312,-1.60017],[103.58258,-1.60002],[103.58205,-1.59985],[103.58168,-1.5997],[103.58108,-1.59939],[103.58048,-1.59904],[103.57984,-1.59875],[103.5792,-1.59834],[103.57899,-1.59822],[103.57879,-1.59811],[103.57812,-1.59771],[103.57761,-1.59734],[103.5773,-1.59704],[103.57709,-1.59687],[103.57699,-1.59645],[103.5769,-1.59609],[103.5768,-1.59572],[103.5767,-1.59465],[103.57696,-1.59374],[103.57703,-1.59358],[103.57728,-1.593],[103.57796,-1.59259],[103.57882,-1.59238],[103.57988,-1.59215],[103.58018,-1.59213],[103.58063,-1.59211],[103.58094,-1.59209],[103.58257,-1.59205],[103.5836,-1.59125],[103.58422,-1.5903],[103.58445,-1.58911],[103.58463,-1.58915],[103.58502,-1.58924],[103.58502,-1.58924],[103.58537,-1.5893],[103.58562,-1.58935],[103.58595,-1.58941],[103.58596,-1.58941],[103.58608,-1.58942],[103.58637,-1.58946],[103.58637,-1.58946],[103.58685,-1.58962],[103.58685,-1.58962],[103.58722,-1.58975],[103.58746,-1.5898],[103.58769,-1.58984],[103.58792,-1.58987],[103.58795,-1.58987],[103.58839,-1.58993],[103.59004,-1.58995],[103.59047,-1.58995],[103.59054,-1.58995],[103.5907,-1.58996],[103.59097,-1.58996],[103.59105,-1.58996],[103.59144,-1.58993],[103.59172,-1.58986],[103.59172,-1.58986],[103.59198,-1.58981],[103.59199,-1.5898],[103.59217,-1.58976],[103.5926,-1.58965],[103.59283,-1.58959],[103.59329,-1.58947],[103.59397,-1.5893],[103.59416,-1.58924],[103.59426,-1.58921],[103.59535,-1.58887],[103.59615,-1.58862],[103.59681,-1.58841],[103.59692,-1.58838],[103.59754,-1.58815],[103.59774,-1.58807],[103.59827,-1.58795],[103.59848,-1.58789],[103.59876,-1.5878],[103.59914,-1.58773],[103.5992,-1.58772],[103.5993,-1.5877],[103.59951,-1.58766],[103.59997,-1.58766],[103.60018,-1.5877],[103.60055,-1.58777],[103.60079,-1.58779],[103.60106,-1.58782],[103.6012,-1.58782],[103.60142,-1.58782]]]}},{"type":"Feature","properties":{"kode_kec":"157111","kecamatan":"Paal Merah","kode_kab":"1571","kab_kota":"Kota Jambi","provinsi":"Jambi"},"geometry":{"type":"Polygon","coordinates":[[[103.65129,-1.58401],[103.65134,-1.5841],[103.65137,-1.58424],[103.65137,-1.58425],[103.65137,-1.58425],[103.65145,-1.5844],[103.65304,-1.5872],[103.65391,-1.58877],[103.65503,-1.59081],[103.65584,-1.5932],[103.65691,-1.59657],[103.65691,-1.59657],[103.65693,-1.59668],[103.65693,-1.59668],[103.65631,-1.59918],[103.65627,-1.59934],[103.65618,-1.5997],[103.65534,-1.60061],[103.65474,-1.60126],[103.6548,-1.60249],[103.65496,-1.60533],[103.65508,-1.60756],[103.6551,-1.60792],[103.65515,-1.608],[103.65523,-1.60816],[103.65599,-1.60955],[103.65618,-1.6099],[103.6563,-1.61012],[103.65681,-1.61061],[103.65709,-1.61089],[103.65723,-1.61107],[103.65724,-1.61103],[103.6576,-1.60899],[103.65761,-1.60895],[103.65861,-1.60929],[103.65922,-1.6093],[103.65963,-1.60931],[103.66017,-1.60815],[103.66168,-1.60727],[103.66413,-1.60586],[103.66413,-1.60586],[103.66466,-1.607],[103.66467,-1.607],[103.66529,-1.60745],[103.66531,-1.60747],[103.66547,-1.60758],[103.66557,-1.60765],[103.66688,-1.60861],[103.66688,-1.60861],[103.66985,-1.60897],[103.6758,-1.61201],[103.67652,-1.61238],[103.67691,-1.61258],[103.67747,-1.61287],[103.67812,-1.61392],[103.67904,-1.61539],[103.67904,-1.61539],[103.67949,-1.61612],[103.68047,-1.61623],[103.68053,-1.61624],[103.68083,-1.61631],[103.68096,-1.61659],[103.68097,-1.61661],[103.68067,-1.61795],[103.68064,-1.61805],[103.68064,-1.61805],[103.67966,-1.61892],[103.67966,-1.61892],[103.67743,-1.62086],[103.67657,-1.6216],[103.67651,-1.62168],[103.67647,-1.62175],[103.67599,-1.62346],[103.67577,-1.62424],[103.67531,-1.62516],[103.67497,-1.62585],[103.67469,-1.62897],[103.67366,-1.62893],[103.6731,-1.62891],[103.6731,-1.62891],[103.67263,-1.62983],[103.67197,-1.63005],[103.67134,-1.63027],[103.67071,-1.63061],[103.67055,-1.63081],[103.67055,-1.63081],[103.67012,-1.63137],[103.67012,-1.63137],[103.67013,-1.63249],[103.6694,-1.63274],[103.66921,-1.6328],[103.6695,-1.63553],[103.6698,-1.63796],[103.67012,-1.64046],[103.67012,-1.64046],[103.66833,-1.64057],[103.66735,-1.64063],[103.66587,-1.63987],[103.66587,-1.63987],[103.66545,-1.64038],[103.66427,-1.64186],[103.66359,-1.64271],[103.66335,-1.64281],[103.66267,-1.64308],[103.66169,-1.64347],[103.66104,-1.64361],[103.66059,-1.64371],[103.65938,-1.64398],[103.65879,-1.6441],[103.65873,-1.64412],[103.65864,-1.64414],[103.65864,-1.64414],[103.65863,-1.64416],[103.65847,-1.64456],[103.65864,-1.64527],[103.65865,-1.64528],[103.65844,-1.64628],[103.65886,-1.64692],[103.6589,-1.64698],[103.65892,-1.64702],[103.65925,-1.64754],[103.6596,-1.64843],[103.6598,-1.64894],[103.65998,-1.6493],[103.66023,-1.64981],[103.66018,-1.64988],[103.65977,-1.65045],[103.65971,-1.65054],[103.65911,-1.65123],[103.65885,-1.65138],[103.65872,-1.65146],[103.65794,-1.65191],[103.65779,-1.652],[103.65491,-1.65173],[103.65489,-1.65277],[103.65483,-1.65308],[103.65469,-1.65377],[103.65442,-1.65486],[103.654,-1.65578],[103.65387,-1.65584],[103.65385,-1.65586],[103.65375,-1.6559],[103.65346,-1.65603],[103.65233,-1.65655],[103.65232,-1.65655],[103.65221,-1.6566],[103.65115,-1.6569],[103.65106,-1.65693],[103.6507,-1.65699],[103.64972,-1.65717],[103.64958,-1.65716],[103.64954,-1.65716],[103.64884,-1.65713],[103.64834,-1.6571],[103.64737,-1.65695],[103.6472,-1.65693],[103.64667,-1.65669],[103.64609,-1.65644],[103.64459,-1.65557],[103.64387,-1.65516],[103.6439,-1.6554],[103.64397,-1.65587],[103.64293,-1.65624],[103.64287,-1.65597],[103.64277,-1.65551],[103.64224,-1.6557],[103.64162,-1.65593],[103.64092,-1.65643],[103.64075,-1.65656],[103.64075,-1.65656],[103.64052,-1.6565],[103.63991,-1.65634],[103.63991,-1.65634],[103.63979,-1.65514],[103.63949,-1.6552],[103.63925,-1.65526],[103.63725,-1.65571],[103.63611,-1.65596],[103.63585,-1.65587],[103.63562,-1.65579],[103.63552,-1.65575],[103.6349,-1.65547],[103.63227,-1.65602],[103.63227,-1.65602],[103.63159,-1.65351],[103.63159,-1.65351],[103.63143,-1.65334],[103.63124,-1.65327],[103.63114,-1.65324],[103.63088,-1.65328],[103.63016,-1.65404],[103.6279,-1.65642],[103.62776,-1.65944],[103.62768,-1.66096],[103.62671,-1.66437],[103.62671,-1.66437],[103.62488,-1.66361],[103.62474,-1.66353],[103.62433,-1.66328],[103.62337,-1.66271],[103.62321,-1.66261],[103.62176,-1.66175],[103.61978,-1.66056],[103.61972,-1.66053],[103.61967,-1.6605],[103.61967,-1.6605],[103.61959,-1.6604],[103.61971,-1.66002],[103.61972,-1.66001],[103.6199,-1.65959],[103.62013,-1.65911],[103.62028,-1.65839],[103.6204,-1.65782],[103.62051,-1.6574],[103.62066,-1.65682],[103.62084,-1.65548],[103.62085,-1.65544],[103.6209,-1.65535],[103.6211,-1.65497],[103.62113,-1.6548],[103.62117,-1.65458],[103.62117,-1.65458],[103.62123,-1.65405],[103.62123,-1.654],[103.62181,-1.65248],[103.62183,-1.65237],[103.62184,-1.65235],[103.62189,-1.65225],[103.62197,-1.65213],[103.62218,-1.65181],[103.62222,-1.65172],[103.62225,-1.65168],[103.6227,-1.65072],[103.62271,-1.65071],[103.6228,-1.65049],[103.62363,-1.64977],[103.62539,-1.64918],[103.62683,-1.64866],[103.62836,-1.64686],[103.62846,-1.64674],[103.62909,-1.64601],[103.62945,-1.64542],[103.62957,-1.64466],[103.62959,-1.64456],[103.62962,-1.64433],[103.62917,-1.64391],[103.62914,-1.64368],[103.62914,-1.64353],[103.62912,-1.64322],[103.62916,-1.64267],[103.62919,-1.64192],[103.6292,-1.64154],[103.62935,-1.63948],[103.6294,-1.6387],[103.62944,-1.63831],[103.62951,-1.63764],[103.62952,-1.63749],[103.62955,-1.63719],[103.62966,-1.63608],[103.62972,-1.63523],[103.62972,-1.63507],[103.62974,-1.63442],[103.62989,-1.6335],[103.62991,-1.63286],[103.63,-1.63239],[103.63011,-1.63208],[103.63025,-1.63168],[103.63038,-1.63134],[103.63044,-1.63118],[103.63062,-1.63077],[103.63082,-1.63053],[103.6311,-1.63024],[103.6313,-1.63006],[103.63157,-1.62984],[103.63181,-1.62964],[103.6319,-1.62956],[103.63211,-1.62937],[103.63238,-1.62912],[103.63258,-1.62881],[103.63268,-1.62864],[103.63278,-1.6284],[103.63291,-1.62815],[103.63301,-1.62797],[103.6331,-1.62779],[103.63324,-1.62754],[103.63338,-1.62731],[103.63349,-1.62716],[103.63369,-1.62698],[103.63385,-1.62684],[103.63396,-1.62671],[103.63413,-1.62658],[103.63422,-1.62648],[103.6343,-1.62635],[103.63439,-1.62616],[103.63446,-1.62595],[103.63457,-1.62573],[103.6347,-1.62558],[103.6348,-1.6255],[103.63488,-1.62545],[103.63497,-1.62534],[103.63514,-1.62501],[103.63529,-1.6247],[103.6354,-1.62444],[103.6356,-1.62419],[103.63572,-1.62416],[103.63579,-1.62424],[103.6359,-1.62442],[103.63603,-1.62471],[103.63615,-1.62488],[103.63636,-1.62505],[103.63679,-1.62512],[103.63696,-1.62513],[103.63728,-1.62524],[103.63754,-1.6254],[103.63769,-1.6255],[103.63777,-1.62556],[103.63796,-1.62576],[103.63812,-1.62599],[103.63829,-1.62628],[103.63834,-1.62643],[103.63842,-1.62665],[103.63851,-1.62687],[103.63859,-1.62708],[103.63928,-1.62698],[103.63954,-1.62693],[103.63969,-1.6269],[103.6405,-1.62677],[103.64105,-1.62675],[103.64126,-1.62676],[103.64261,-1.62678],[103.64342,-1.62677],[103.64415,-1.62672],[103.64452,-1.6267],[103.64465,-1.62669],[103.64503,-1.62663],[103.64517,-1.62662],[103.64521,-1.62647],[103.64536,-1.62589],[103.6455,-1.6255],[103.64556,-1.62529],[103.64578,-1.62501],[103.64583,-1.62491],[103.64585,-1.62478],[103.64586,-1.62465],[103.64589,-1.62451],[103.64593,-1.62437],[103.64598,-1.62424],[103.64614,-1.62401],[103.64622,-1.6239],[103.64632,-1.62379],[103.64639,-1.62371],[103.64643,-1.62359],[103.64645,-1.62336],[103.64644,-1.62306],[103.6464,-1.62284],[103.64634,-1.62261],[103.64628,-1.62246],[103.64621,-1.62214],[103.64614,-1.62175],[103.64602,-1.6214],[103.64594,-1.62107],[103.64588,-1.62087],[103.64589,-1.62074],[103.64596,-1.62042],[103.64596,-1.62019],[103.64599,-1.62004],[103.64601,-1.61987],[103.64601,-1.61969],[103.646,-1.61949],[103.64599,-1.61937],[103.64581,-1.61909],[103.64571,-1.61897],[103.64564,-1.61888],[103.64552,-1.61878],[103.64543,-1.61865],[103.64536,-1.61848],[103.64528,-1.6183],[103.64526,-1.61818],[103.64523,-1.61795],[103.64523,-1.61766],[103.64519,-1.61745],[103.64512,-1.6171],[103.64506,-1.6169],[103.64498,-1.61661],[103.6449,-1.61638],[103.64473,-1.61608],[103.64464,-1.61591],[103.64457,-1.6158],[103.64446,-1.61565],[103.64429,-1.61548],[103.64421,-1.61539],[103.64414,-1.6153],[103.64407,-1.6151],[103.64405,-1.61494],[103.64403,-1.61469],[103.64402,-1.61453],[103.64398,-1.61431],[103.64394,-1.61405],[103.64393,-1.61353],[103.64392,-1.61317],[103.64379,-1.61273],[103.64372,-1.61235],[103.64365,-1.6121],[103.64362,-1.61198],[103.6435,-1.61173],[103.64337,-1.61153],[103.64328,-1.61134],[103.64321,-1.61117],[103.64316,-1.61095],[103.64314,-1.6108],[103.64313,-1.61072],[103.64309,-1.6105],[103.64308,-1.61045],[103.64306,-1.61041],[103.64301,-1.61031],[103.64292,-1.61018],[103.6429,-1.61015],[103.64281,-1.61006],[103.64275,-1.60999],[103.64271,-1.60996],[103.64257,-1.6098],[103.64249,-1.6097],[103.64235,-1.60945],[103.64221,-1.60922],[103.64215,-1.60912],[103.6421,-1.60902],[103.64206,-1.60892],[103.64193,-1.60863],[103.6417,-1.60828],[103.64163,-1.60803],[103.64162,-1.608],[103.6416,-1.60794],[103.64154,-1.60773],[103.64151,-1.6076],[103.64147,-1.60754],[103.64139,-1.60746],[103.64131,-1.60731],[103.64123,-1.60718],[103.64096,-1.60694],[103.64069,-1.60665],[103.64061,-1.60655],[103.6406,-1.60653],[103.64054,-1.60647],[103.64044,-1.60624],[103.64042,-1.60616],[103.64037,-1.60599],[103.64036,-1.60597],[103.64031,-1.6059],[103.64027,-1.60576],[103.64026,-1.60576],[103.64025,-1.60573],[103.64008,-1.60537],[103.64008,-1.60537],[103.63997,-1.60529],[103.63996,-1.60528],[103.63976,-1.60511],[103.63949,-1.60491],[103.63949,-1.60491],[103.63947,-1.60489],[103.63931,-1.60472],[103.63927,-1.60461],[103.63925,-1.60456],[103.63921,-1.60446],[103.63919,-1.60441],[103.63918,-1.60437],[103.63916,-1.6042],[103.63915,-1.60401],[103.63915,-1.604],[103.63915,-1.60398],[103.63916,-1.60389],[103.6392,-1.60366],[103.63923,-1.60351],[103.63935,-1.60327],[103.6395,-1.60305],[103.63958,-1.60293],[103.63965,-1.60284],[103.63973,-1.60274],[103.63982,-1.60263],[103.63997,-1.6024],[103.63998,-1.60221],[103.63996,-1.60197],[103.63998,-1.60169],[103.64,-1.60141],[103.64003,-1.60121],[103.64008,-1.60113],[103.64016,-1.60093],[103.6405,-1.60048],[103.64064,-1.60021],[103.64071,-1.60003],[103.64081,-1.59986],[103.64089,-1.5997],[103.64091,-1.59958],[103.64097,-1.5994],[103.64099,-1.5993],[103.641,-1.59919],[103.64103,-1.59896],[103.64107,-1.59876],[103.64109,-1.59865],[103.64108,-1.59829],[103.64105,-1.5979],[103.64098,-1.59756],[103.64084,-1.59707],[103.64079,-1.59688],[103.64074,-1.59676],[103.64072,-1.5966],[103.64068,-1.59646],[103.64066,-1.5963],[103.64065,-1.59609],[103.64067,-1.59592],[103.64069,-1.59563],[103.64072,-1.59538],[103.64078,-1.59511],[103.64083,-1.59486],[103.64083,-1.59466],[103.64073,-1.59423],[103.64071,-1.59405],[103.64073,-1.59396],[103.64076,-1.59385],[103.64079,-1.59363],[103.64081,-1.59353],[103.64084,-1.5934],[103.64091,-1.59312],[103.64096,-1.59297],[103.64101,-1.59272],[103.64109,-1.59245],[103.64111,-1.59228],[103.64123,-1.59188],[103.64197,-1.59061],[103.6421,-1.59012],[103.64217,-1.58944],[103.64215,-1.58866],[103.64216,-1.58855],[103.64223,-1.58802],[103.64198,-1.58527],[103.6424,-1.58518],[103.64258,-1.58513],[103.64288,-1.58509],[103.64322,-1.58498],[103.6435,-1.58489],[103.64385,-1.58476],[103.64436,-1.58451],[103.64509,-1.5842],[103.64601,-1.58385],[103.64641,-1.58375],[103.64663,-1.58365],[103.64693,-1.58351],[103.64718,-1.58338],[103.64743,-1.58326],[103.64777,-1.58307],[103.64803,-1.58286],[103.64815,-1.58276],[103.64837,-1.5826],[103.64865,-1.58241],[103.64893,-1.58219],[103.64934,-1.58191],[103.64973,-1.58165],[103.65001,-1.58145],[103.6507,-1.58145],[103.65131,-1.58146],[103.65126,-1.58397],[103.65129,-1.58401]]]}}]}